id,name,state_code,latitude,longitude,year_founded,age_first_funding_year,age_last_funding_year,relationships,funding_rounds,funding_total_usd,milestones,category_code,has_VC,has_angel,has_roundA,has_roundB,has_roundC,has_roundD,avg_participants,is_top500,status
c:6669,Bandsintown,CA,42.35888,-71.05682,2007,2.2493,3.0027,3,3,375000,3,other,0,1,0,0,0,0,1,0,acquired
c:16283,TriCipher,CA,37.238916,-121.973718,2000,5.126,9.9973,9,4,40100000,1,enterprise,1,0,0,1,1,1,4.75,1,acquired
c:65620,Plixi,CA,32.901049,-117.192656,2009,1.0329,1.0329,5,1,2600000,2,web,0,0,1,0,0,0,4,1,acquired
c:42668,Solidcore Systems,CA,37.320309,-122.05004,2002,3.1315,5.3151,5,3,40000000,1,software,0,0,0,1,1,1,3.3333,1,acquired
c:65806,Inhale Digital,CA,37.779281,-122.419236,2010,0,1.6685,2,2,1300000,1,games_video,1,1,0,0,0,0,1,1,closed
c:22898,Matisse Networks,CA,37.406914,-122.09037,2002,4.5452,4.5452,3,1,7500000,1,other,0,0,0,1,0,0,3,1,closed
c:16191,RingCube Technologies,CA,37.3915589,-122.0702643,2005,1.7205,5.211,6,3,26000000,2,software,1,0,1,1,0,0,1.6667,1,acquired
c:5192,ClairMail,CA,38.057107,-122.513742,2004,1.6466,6.7616,25,3,34100000,3,other,0,0,1,1,0,1,3.5,1,acquired
c:1043,VoodooVox,MA,42.712207,-73.203599,2002,3.5863,11.1123,13,3,9650000,4,mobile,1,0,1,0,0,1,4,1,acquired
c:498,Doostang,CA,37.427235,-122.145783,2005,1.6712,4.6849,14,3,5750000,4,web,1,1,1,0,0,0,1,1,acquired
c:3949,Zong,CA,37.4429885,-122.1624131,2000,4.6274,9.4493,22,3,27500000,3,mobile,0,0,1,1,0,0,1,1,acquired
c:30290,Resonant Vibes,Other,38.241467,-85.724511,2004,4.9041,4.9041,0,1,350000,0,web,1,0,0,0,0,0,1,0,closed
c:1491,drop.io,NY,40.70276,-73.986668,2007,0.0192,2.4356,15,3,9950000,3,other,0,0,1,1,1,0,2.3333,1,acquired
c:15645,Stratavia,Other,39.74627279999999,-104.9911572,2001,4.6658,8.9973,12,5,10700000,1,software,0,0,1,1,0,0,2.5,1,acquired
c:54177,Invicta Networks,Other,38.901301,-77.265158,1999,6.6082,6.6082,0,1,200000,0,other,1,0,0,0,0,0,1,0,closed
c:16770,QSecure,CA,37.39628270000001,-122.105531,2003,2.5863,6.7644,8,5,49000000,1,other,1,0,1,1,1,1,3.5,1,closed
c:50727,SinglePlatform,NY,40.730646,-73.986614,2010,0.7425,1.5808,10,3,4575000,3,web,0,1,1,0,0,0,5,1,acquired
c:26368,Bling Nation,CA,37.446411,-122.16054,2007,2.5014,2.8301,13,2,28000000,3,enterprise,0,0,1,1,0,0,1,1,closed
c:22291,Metreos Corporation,TX,30.2350399,-97.8001299,2001,2.2137,3.7863,8,2,4355000,3,software,0,1,1,0,0,0,1.5,0,acquired
c:17857,Hidden City Games,Other,47.6026054,-122.2848651,2004,3.8329,3.8329,3,1,15000000,1,other,0,0,0,1,0,0,2,1,closed
c:15888,Neopolitan Networks,CA,37.426316,-122.141082,2002,5.4904,5.4904,1,1,3170000,1,web,0,0,1,0,0,0,2,0,closed
c:458,EventVue,Other,40.010492,-105.276843,2007,0.2521,0.337,5,2,455000,0,other,0,1,1,0,0,0,4.5,1,closed
c:45525,BridgePort Networks,Other,41.875555,-87.624421,2002,4.8411,4.8411,3,1,13000000,1,software,0,0,0,0,1,0,4,1,acquired
c:3193,Scalent Systems,CA,37.429676,-122.1085482,2003,4.0603,4.0603,7,1,15000000,1,other,0,0,0,0,1,0,4,1,acquired
c:28456,IQ Engines,CA,37.870102,-122.268136,2008,4.0685,4.0685,2,1,3800000,3,other,0,0,0,1,0,0,2,1,acquired
c:36920,"RetailMeNot, Inc.",TX,30.2653441,-97.7435857,2007,2.5068,4.5315,37,5,299500000,2,web,1,0,1,0,1,0,1.75,1,acquired
c:35712,Mophie,CA,33.708708,-117.852069,2005,1.189,1.189,5,1,1000000,3,other,1,0,0,0,0,0,2,1,acquired
c:21492,Airship Ventures,CA,37.422859,-122.045217,2007,1.3534,2.1644,3,2,10500000,1,other,0,0,1,1,0,0,2,1,closed
c:28768,Lockdown Networks,Other,47.603832,-122.330062,2001,4.1534,5.1671,6,2,8600000,1,other,1,0,0,1,0,0,1.5,1,acquired
c:150658,Karma,CA,37.779281,-122.419236,2011,0,0.8685,3,2,2304999,2,mobile,1,0,0,0,0,0,5,1,acquired
c:34338,Zipano,Other,40.441694,-79.990086,2009,0.0822,0.0822,2,1,25000,0,other,0,1,0,0,0,0,1,0,closed
c:45111,Entertainment Media Works,NY,40.73901,-73.997259,2004,2.6575,2.6575,1,1,4000000,1,software,0,0,0,1,0,0,1,1,closed
c:3178,Elastra,CA,37.791137,-122.391843,2007,0.6192,1.5945,8,2,14600000,3,software,0,0,1,1,0,0,2,1,closed
c:35402,RPO,CA,37.404788,-121.940842,2005,1.063,5.7014,0,3,44000000,0,other,0,0,0,1,1,0,4.5,1,closed
c:22856,Fotomoto,CA,37.7795014,-122.3948712,2008,0.1671,2.6493,10,3,1822922,3,ecommerce,0,1,1,0,0,0,2.3333,1,acquired
c:1224,Peer39,NY,40.755446,-73.980246,2006,0,5.9041,18,7,29915001,5,advertising,1,1,1,1,1,0,2.75,1,acquired
c:1234,Vitrue,Other,33.756806,-84.392198,2006,0,4.8027,26,4,33000000,5,enterprise,0,0,1,1,1,0,3,1,acquired
c:149809,Trendslide,Other,42.99564,-71.454789,2011,0,0.5836,9,2,125000,2,mobile,0,1,0,0,0,0,1,0,acquired
c:13733,PublicEarth,CA,40.01573320000001,-105.275027,2008,0.1041,2.3863,7,2,4000000,2,other,1,0,1,0,0,0,1,1,closed
c:39106,Azaleos,Other,47.63609,-122.327028,2004,3.4904,3.4904,10,1,10000000,3,enterprise,0,0,0,0,1,0,2,1,acquired
c:5306,Efficient Frontier,CA,37.4049731,-122.0323525,2002,4.6658,4.6658,25,1,6000000,4,advertising,0,0,0,0,1,0,3,1,acquired
c:16303,NetDevices,CA,37.36883,-122.03635,2003,2.6247,2.6247,4,1,25000000,0,software,0,0,0,1,0,0,5,1,acquired
c:43188,Go Try It On,NY,40.730646,-73.986614,2009,0.926,2.9534,2,3,3750000,3,other,0,1,1,0,0,0,2,1,acquired
c:33507,Performable,MA,42.3751,-71.105616,2009,0.2466,0.2466,9,1,3000000,2,software,0,0,1,0,0,0,1,1,acquired
c:68157,Appstores.com,CA,37.779281,-122.419236,2010,0.189,1.189,6,2,1155000,2,software,0,1,0,0,0,0,9.5,1,acquired
c:2395,Fortify Software,CA,37.560781,-122.284114,2002,3.2082,3.2082,11,1,10000000,2,software,0,0,0,0,0,1,2,1,acquired
c:38220,iCurrent,CA,37.658313,-122.391032,2006,2.5836,2.5836,5,1,3000000,1,web,0,0,1,0,0,0,1,1,acquired
c:49815,AisleBuyer,MA,42.360253,-71.058291,2009,1.8932,2.4466,4,2,11500000,3,mobile,0,0,0,0,0,0,1,1,acquired
c:249,Indeed,TX,30.321464,-97.75501,2004,0.7479,0.7479,12,1,5000000,5,web,0,0,1,0,0,0,3,1,acquired
c:22027,Colubris Networks,MA,42.37564,-71.2358,2000,5.1863,6.8137,9,2,29000000,1,other,1,0,0,0,0,1,5,1,acquired
c:109,Mashery,CA,37.7870842,-122.4038047,2006,0.6712,6.2329,37,6,34700000,4,enterprise,1,1,1,1,1,1,5,1,acquired
c:43948,Transparency Software,CA,37.441537,-122.158332,2004,1.1863,3.4986,0,2,12050000,0,software,1,0,1,0,0,0,2,1,closed
c:765,Viewdle,CA,37.445586,-122.161929,2006,2.1644,4.7616,13,3,12000000,2,other,1,0,1,1,0,0,2,1,acquired
c:19257,Enclarity,CA,33.5842816,-117.7306817,2005,4.1041,4.1041,18,1,5500000,1,consulting,0,0,0,0,1,0,2,1,acquired
c:25827,Virsto Software,CA,37.402773,-122.052551,2007,1.989,4.1534,10,3,24000000,4,software,0,0,1,1,0,0,3.3333,1,acquired
c:5932,Handmark,Other,39.103151,-94.581908,2000,5.2027,6.189,6,2,10000000,2,mobile,0,0,1,1,0,0,4.5,1,acquired
c:8596,Carbonetworks,CA,37.805289,-122.404448,2005,3.4986,3.4986,6,1,5000000,1,other,0,0,1,0,0,0,1,1,closed
c:19861,SchemaLogic,Other,47.675489,-122.191667,2001,4.0466,9.3041,2,5,18914576,1,enterprise,1,0,0,0,1,0,3,1,acquired
c:45114,Skyway Software,Other,27.951849,-82.456397,2001,6.3726,6.3726,0,1,4000000,0,software,1,0,0,0,0,0,3,0,closed
c:23533,CardStar,MA,42.360253,-71.058291,2008,1.326,2.7836,5,3,2030882,2,software,0,0,1,0,0,0,3,1,acquired
c:25325,Makani Power,CA,37.7831775,-122.3086191,2006,2.6438,2.6438,4,1,5000000,2,other,0,0,0,1,0,0,1,1,acquired
c:8351,Myrio,Other,47.765758,-122.184304,1999,1.0877,1.0877,5,1,20500000,0,software,1,0,0,0,0,0,4,1,closed
c:10392,Intela,Other,40.730646,-73.986614,2006,3.9616,6.5205,4,2,13250000,4,advertising,1,0,0,0,0,0,2,0,acquired
c:26128,Sana Security,CA,37.54763,-122.307887,2000,7.2548,7.2548,7,1,12000000,1,other,0,0,0,0,0,0,2,1,acquired
c:2808,Sportgenic,CA,37.790485,-122.40094,2005,1.3342,3.0247,9,3,11489687,2,advertising,0,1,1,1,0,0,3.3333,1,acquired
c:10581,Lolapps,CA,37.7870923,-122.3999719,2008,0.6795,0.6795,15,1,4000000,3,web,0,0,1,0,0,0,3,1,acquired
c:1674,Infinity Box,Other,28.098905,-82.400087,2006,0,0.2466,10,2,118000,3,web,0,1,0,0,0,0,1.5,1,acquired
c:170,adBrite,CA,37.779026,-122.40184,2003,1.6685,9.337,17,4,40400000,3,advertising,0,0,1,1,1,1,1.6667,1,acquired
c:27740,Texert,TX,32.9583632,-96.8215658,2007,1.8055,1.8055,1,1,3000000,0,software,0,0,1,0,0,0,1,1,closed
c:46186,Mendocino Software,CA,37.54827,-121.988572,2003,2.6986,4.0027,2,2,19700000,1,software,1,0,0,1,0,0,4,1,closed
c:43162,QuikCycle,CA,37.354469,-121.990433,1998,9.1671,9.1973,0,2,17800000,0,software,1,0,0,0,0,0,1,1,closed
c:43233,Instagram,CA,37.779281,-122.419236,2010,0.011,2.0986,12,3,57500000,3,other,0,1,1,1,0,0,4,1,acquired
c:1498,Motionbox,NY,40.606061,-73.822331,2006,0.6658,3.0384,10,3,17200000,5,games_video,0,0,1,1,1,0,2.6667,1,acquired
c:40197,DNP Green Technology,Other,40.349274,-74.659296,2008,2.0466,2.0466,2,1,12000000,0,other,0,0,1,0,0,0,6,1,closed
c:51023,Abound Solar,Other,40.397761,-105.07498,2007,3.5123,3.9562,5,2,510000000,3,other,1,0,0,0,0,0,2.5,1,closed
c:13168,Trovix,CA,37.420428,-122.090769,2002,3.9342,4.6822,3,2,18250000,1,other,0,0,1,1,0,0,2.5,1,acquired
c:649,Thumbplay,NY,40.725435,-73.997395,2004,2.1616,5.6384,13,4,41500019,5,other,0,0,0,0,1,0,4,1,acquired
c:52694,Plethora Technology,Other,39.388156,-77.885552,2000,5.4411,5.4411,1,1,1000000,0,software,0,0,1,0,0,0,3,0,closed
c:3080,DailyStrength,CA,34.043948,-118.468204,2006,1.1288,1.1288,7,1,5000000,2,web,0,0,1,0,0,0,1,1,acquired
c:28424,Danotek Motion Technologies,Other,42.350749,-83.444589,2001,7.8877,10.6658,2,3,42700000,1,other,1,0,0,1,0,0,3.6667,1,closed
c:280611,Yub,CA,37.388869,-122.072353,2013,0.8822,0.8822,7,1,12000000,0,ecommerce,1,0,0,0,0,0,9,1,closed
c:30537,SNAPin Software,Other,47.614018,-122.19655,2003,2.526,3.1041,5,2,22300000,2,software,0,0,0,1,1,0,4.5,1,acquired
c:14656,Azuro,CA,37.406217,-121.976473,2002,4.0027,7.8712,5,2,10000000,1,other,1,0,0,1,0,0,4,1,acquired
c:1766,ARPU,Other,37.09024,-95.712891,2005,1.1671,4.6658,1,3,15564591,0,advertising,1,0,0,1,1,0,3.5,1,closed
c:16938,BookFresh,CA,37.779281,-122.419236,2007,2.5726,2.5726,7,1,500000,2,web,0,1,0,0,0,0,5,1,acquired
c:83265,Singly,CA,37.779281,-122.419236,2010,0.1151,1.3397,24,2,8950000,2,other,0,0,1,0,0,0,7,1,acquired
c:23136,TxVia,NY,40.753881,-73.978852,2006,1.7479,4.8192,8,4,55350000,2,other,0,0,1,1,1,1,4,1,acquired
c:54066,Blue Vector Systems,CA,37.406914,-122.09037,2002,3.7233,3.7233,1,1,4000000,0,other,0,0,0,1,0,0,3,1,closed
c:17219,Open Kernel Labs,Other,41.878984,-87.637,2006,1.6986,6.5151,3,5,10764323,3,software,1,0,1,0,0,0,2,1,acquired
c:23234,Elanti Systems,Other,40.535316,-74.521435,2007,1.4082,1.4082,1,1,5500000,1,software,1,0,0,0,0,0,3,1,closed
c:70586,Astrid,CA,37.779281,-122.419236,2008,4.2849,4.2849,7,1,400000,2,other,0,1,0,0,0,0,3,1,acquired
c:26612,Nordic Windpower,CA,37.863464,-122.3153453,2007,0.7507,3.0137,3,3,54000000,0,other,1,0,0,0,1,0,2.6667,1,closed
c:57923,Visiprise,Other,34.070958000000005,-84.274733,1985,20.8055,20.8055,2,1,32000000,0,,0,0,0,1,0,0,7,1,closed
c:58133,Hubspan,Other,39.78373,-100.445882,2000,5.789,5.789,1,1,13000000,0,,0,0,0,0,0,1,4,1,acquired
c:5587,iConclude,Other,47.614422,-122.192337,2005,0.0849,1.2712,5,3,12500000,0,,1,0,1,1,0,0,2.3333,1,acquired
c:38338,41st Parameter,CA,37.314002,-121.932365,2004,2.3507,8.2822,16,4,38064570,2,other,1,0,0,1,1,1,3,1,acquired
c:202,Hotelicopter,Other,38.030823,-78.48158,2006,2.4658,4.8329,4,2,5000000,6,,0,0,1,1,0,0,1,0,closed
c:15652,Anystream,Other,39.035298,-77.430125,2000,0,7.1068,9,3,59000000,3,software,1,0,0,0,1,0,2,1,acquired
c:144825,CakeStyle,Other,39.78373,-100.445882,2011,1.0356,1.0356,2,1,1000000,2,web,0,1,0,0,0,0,1,0,closed
c:9772,Fluther,CA,37.758062,-122.418642,2007,2.7233,2.7233,5,1,600000,3,web,0,1,0,0,0,0,7,1,acquired
c:19101,Pocket Communications Northeast,Other,41.85361500000001,-72.70375,2006,2.8356,3.1397,0,2,125000000,2,mobile,0,0,1,1,0,0,2,1,closed
c:1612,Goodreads,CA,34.01052,-118.495981,2007,0.7945,2.9014,11,2,2750000,3,web,0,1,1,0,0,0,4,1,acquired
c:17620,Woven Systems,CA,37.3821368,-121.970505,2003,2.9178,4.7342,1,2,30000000,0,other,0,0,1,1,0,0,2.5,1,acquired
c:43873,Kolorific,CA,37.433646,-121.886704,2003,4.0137,4.0137,0,1,7000000,0,other,0,0,0,0,1,0,1,0,closed
c:3986,Krugle,CA,37.45604,-122.165399,2006,0.411,0.411,10,1,6100000,2,other,0,0,0,1,0,0,4,1,acquired
c:61592,Flud,CA,32.721834,-117.161797,2010,0.5315,1.9205,12,3,2100000,2,enterprise,1,1,0,0,0,0,4,1,closed
c:35236,Chomp,CA,37.779281,-122.419236,2009,0.1452,0.5014,10,2,2565000,3,mobile,0,1,1,0,0,0,3.5,1,acquired
c:31968,Origen Therapeutics,CA,37.584103000000006,-122.366082,1997,10.7589,10.7589,0,1,2000000,0,,0,0,0,0,0,0,1,0,closed
c:27620,Inlet Technologies,Other,35.76524000000001,-78.731161,2003,2.5671,5.6904,3,3,22400000,1,other,1,0,0,1,1,0,3.6667,1,acquired
c:9816,ShopWiki,NY,40.740441,-73.993376,2005,1.0822,,12,1,6250000,1,ecommerce,0,0,1,0,0,0,1,0,acquired
c:52566,Fondu,NY,40.750519,-73.993494,2010,1.7479,,4,1,575000,2,web,0,1,0,0,0,0,6,0,acquired
c:49236,Loudcaster,MA,42.387597,-71.099497,2009,0,,1,2,53000,1,web,0,1,0,0,0,0,1,1,closed
c:2234,TwoFish,CA,37.522281,-122.258139,2006,0.9151,,6,2,9500000,2,ecommerce,0,0,1,1,0,0,2.5,1,acquired
c:28482,Redwood Systems,CA,37.54827,-121.988572,2008,0.7562,,14,4,34250000,2,other,1,0,1,1,1,0,2.25,1,acquired
c:40324,Artisan Pharma,MA,42.37564,-71.2358,2006,0.6795,,2,5,85381111,0,biotech,0,0,1,1,1,0,4.6667,1,acquired
c:1595,Bill Me Later,Other,39.436844,-76.618704,2000,6.1671,,6,3,100000000,3,web,1,0,1,0,0,0,2.5,1,acquired
c:16562,Silicon Clocks,CA,37.554214,-121.977451,2004,2.4192,,2,3,26100000,1,other,1,0,0,1,0,0,3.5,1,acquired
c:18075,TheMarkets,NY,40.762674,-73.9821315,2000,7.5315,,2,1,30000000,1,web,1,0,0,0,0,0,5,1,acquired
c:86120,Netgamix Inc,Other,41.875555,-87.624421,2010,1.0575,,6,3,132885,2,games_video,0,1,0,0,0,0,1,1,closed
c:44650,Netli,CA,37.440682,-122.123103,2000,6.1233,,9,1,18000000,1,other,1,0,0,0,0,0,7,1,acquired
c:70021,Define My Style,Other,39.099909,-84.504243,2010,1.8329,,4,1,690000,1,web,0,1,0,0,0,0,3,1,closed
c:17660,Firethorn,Other,33.749099,-84.390185,2001,5.1644,,1,3,25131611,0,mobile,1,0,0,1,0,0,1,1,acquired
c:51745,Wellcore,CA,37.404788,-121.940842,2007,3.5288,,1,1,2000000,0,other,0,0,0,0,0,0,1,1,closed
c:25324,Taligen Therapeutics,MA,42.3634664,-71.0786638,2004,1.5836,,4,3,78750000,2,biotech,0,0,1,1,0,0,3.5,1,acquired
c:77,Adap.tv,CA,37.551441,-122.291435,2006,0.2521,,27,5,48500000,3,advertising,1,1,1,1,1,0,2.5,1,acquired
c:1895,Current Media,CA,37.77951820000001,-122.3902619,2005,0.5726,,12,1,15000000,2,other,0,0,1,0,0,0,3,0,closed
c:16593,ParAccel,CA,37.31665260000001,-122.05074,2007,0.9397,,13,5,74000000,0,other,1,0,0,1,1,0,5.3333,1,acquired
c:16289,Arch Rock Corporation,CA,37.783171,-122.392901,2005,0.7479,,6,2,15000000,1,software,0,0,1,1,0,0,3,1,acquired
c:575,SpiralFrog,NY,37.09024,-95.712891,2004,2.0027,,8,3,45000000,3,games_video,0,0,1,0,0,0,1,0,closed
c:15562,Plusmo,CA,37.400367,-121.985711,2006,1.9178,,4,1,4410000,1,mobile,0,0,1,0,0,0,1,1,acquired
c:62432,ZipList,Other,39.001619,-77.403201,2010,0,,9,2,4500000,2,web,0,0,1,1,0,0,2,1,acquired
c:8100,Involver,CA,37.788653,-122.401333,2007,1.6712,,11,3,11040000,2,software,0,0,1,1,1,0,2.5,1,acquired
c:62262,Lionside,CA,37.779281,-122.419236,2009,1.8822,,6,1,1600000,2,games_video,0,0,1,0,0,0,3,1,acquired
c:3686,Game Trust,NY,40.73901,-73.997259,2002,3.4164,,3,2,9000000,1,software,1,0,0,1,0,0,4,1,acquired
c:82805,Nearbuy Systems,CA,37.548418700000006,-122.3151646,2010,1.3041,,4,3,3282327,2,other,1,0,0,0,0,0,2,1,acquired
c:196,Visible Path,CA,37.55818,-122.276454,2002,4.1644,,5,2,24700000,5,web,0,0,1,1,0,0,4,1,acquired
c:28114,VT Silicon,Other,33.774486,-84.385448,2002,5.6986,,2,2,8800000,0,other,1,0,1,0,0,0,1,1,closed
c:13277,GetBack,CA,34.03423370000001,-118.4536137,2007,1.1836,,1,1,1700000,1,web,0,0,1,0,0,0,1,0,closed
c:63217,Slipstream,CA,37.835676,-122.263548,2010,0.2493,,1,1,20000,2,web,0,1,0,0,0,0,1,0,closed
c:2534,HipLogic,CA,37.5541073,-121.9756765,2005,3.1041,,10,2,11500000,5,mobile,0,0,1,1,0,0,2.5,1,acquired
c:5264,Dilithium Networks,CA,38.279431,-122.668452,2001,2.3068,,12,7,98170000,3,mobile,1,0,0,1,1,1,5.2,1,closed
c:58512,Yobongo,CA,37.7824533,-122.3879489,2010,1.2219,,2,1,1350000,3,web,0,1,0,0,0,0,10,1,acquired
c:58512,Yobongo,CA,37.7824533,-122.3879489,2010,1.2219,,2,1,1350000,3,web,0,1,0,0,0,0,10,1,acquired
c:58512,Yobongo,CA,37.7824533,-122.3879489,2010,1.2219,,2,1,1350000,3,web,0,1,0,0,0,0,10,1,acquired
c:58512,Yobongo,CA,37.7824533,-122.3879489,2010,1.2219,,2,1,1350000,3,web,0,1,0,0,0,0,10,1,acquired
c:12957,Brickfish,Other,41.8851542,-87.6223183,2005,4.7068,,17,1,940261,2,software,0,0,1,0,0,0,1,1,acquired
c:34499,MyEnergy,MA,42.360253,-71.058291,2007,1.6658,,12,2,4000000,3,web,0,1,1,0,0,0,3,1,acquired
c:34028,LikeList,CA,37.36883,-122.03635,2008,1.9562,,5,1,5000000,1,web,0,0,1,0,0,0,1,0,closed
c:23335,Social Collective,Other,38.881717,-77.089398,2009,0.0027,,3,1,20000,1,web,0,1,0,0,0,0,1,0,closed
c:30526,Pure Networks,Other,47.60732,-122.335746,2002,4.0301,,5,1,12500000,1,other,0,0,0,1,0,0,3,1,acquired
c:42519,Internet Pawn,Other,39.568064,-104.977831,2009,1.3397,,0,5,7228704,2,other,1,0,1,0,0,0,2,1,closed
c:48376,NeuroTherapeutics Pharma,Other,41.940611,-87.835972,2006,4.3836,,5,2,55000000,1,biotech,1,0,0,1,0,0,4,1,closed
c:15693,Provade,CA,37.560155,-122.285588,2004,2.063,,5,4,15180000,0,enterprise,1,0,1,0,1,0,1,1,acquired
c:47587,Infineta Systems,CA,37.404788,-121.940842,2008,2.3479,,4,2,30000000,2,software,0,0,1,1,0,0,2.5,1,closed
c:1669,Challenge Games,TX,30.268236,-97.740651,2006,2.5233,,11,2,14500000,3,other,0,0,1,1,0,0,1.5,1,acquired
c:421,Crowd Factory,CA,37.758229,-122.439512,2009,2.0685,,6,1,6500000,3,advertising,1,0,0,0,0,0,3,1,acquired
c:155621,Friendsignia,Other,35.149021999999995,-90.051628,2012,0,,2,1,15000,1,web,0,1,0,0,0,0,1,0,closed
c:40782,Vizibility,NY,40.730646,-73.986614,2009,0.7288,,5,5,4705910,3,mobile,1,1,0,0,0,0,3,1,acquired
c:51306,OpenFeint,CA,37.5783263,-122.3485679,2008,2.8055,,6,1,3000000,2,games_video,1,0,0,0,0,0,1,1,acquired
c:1088,Tumblr,NY,40.743808,-73.983626,2007,0.7452,,30,6,125250000,5,web,1,0,1,1,1,1,3.5,1,acquired
c:34522,Hotlist,NY,40.730646,-73.986614,2008,0.3315,,8,4,1449998,3,other,1,1,0,0,0,0,1,1,closed
c:83692,Crashlytics,MA,42.3751,-71.105616,2011,0.6959,,5,2,6000000,3,mobile,0,1,1,0,0,0,6,1,acquired
c:43831,BridgePoint Medical,Other,45.006515,-93.46651,2005,2.0603,,7,3,28200000,0,other,1,0,0,1,1,0,3,1,acquired
c:28428,Recurve,CA,37.777741,-122.412198,2005,3.1479,,5,2,14000000,1,software,1,0,1,0,0,0,2,1,acquired
c:17974,Conformity,TX,30.35504,-97.801083,2007,1.5808,,14,1,3000000,2,enterprise,0,0,1,0,0,0,1,0,closed
c:81475,Moprise,Other,39.78373,-100.445882,2010,1.5151,,6,2,2238055,1,enterprise,1,1,0,0,0,0,1,1,closed
c:76543,Plizy,CA,37.779281,-122.419236,2010,0.7123,,5,2,5200000,2,other,1,0,1,0,0,0,1,1,closed
c:84161,ShopRunner,Other,40.0708709,-75.302716,2010,3.6329,,4,1,75000000,4,ecommerce,1,0,0,0,0,0,1,0,acquired
c:810,RatePoint,MA,42.296111,-71.238524,2006,0.411,,13,4,24500000,4,software,0,0,1,1,1,0,2.5,1,closed
c:16488,Digital Performance,CA,33.63776,-117.855989,2002,4.9068,,3,3,4476171,0,advertising,1,0,1,0,0,0,2,1,closed
c:11042,Gowalla,TX,30.2729209,-97.7443863,2007,0.5014,,21,3,10400001,3,web,0,0,1,1,0,0,6,1,acquired
c:17633,Copan Systems,Other,40.138979,-105.124465,2002,4.1836,,8,3,68400000,1,other,1,0,0,0,1,1,6.5,1,acquired
c:3187,Replay Solutions,CA,37.512318,-122.200914,2004,2.9288,,13,2,15200000,0,software,0,0,1,1,0,0,2,1,acquired
c:164922,Turf Geography Club,NY,40.728425,-73.999882,2011,0.6192,,2,2,890000,0,mobile,0,1,0,0,0,0,3,1,closed
c:81886,skyrockit,CA,37.779281,-122.419236,2001,10.5315,,0,1,2600000,0,mobile,1,0,0,0,0,0,1,1,closed
c:54585,Cartavi,Other,41.800255,-88.149362,2009,3.8685,,7,1,1226270,2,enterprise,0,1,0,0,0,0,1,1,acquired
c:11507,Cramster,CA,34.147047,-118.148896,2002,6.737,,5,2,9000000,1,web,0,0,1,1,0,0,1,0,acquired
c:24860,Certify Data Systems,CA,37.317847,-121.948469,2004,4.6521,,4,4,7210210,1,enterprise,1,0,1,1,0,0,1,0,acquired
c:148750,Wheelz,CA,37.779281,-122.419236,2011,0.7397,,15,2,15700000,1,other,0,0,1,0,0,0,3,1,acquired
c:45611,CentrePath,MA,42.37564,-71.2358,2000,5.6849,,4,2,15050000,1,software,1,0,0,0,1,0,2.5,1,acquired
c:4106,VoxPop Network Corporation,CA,37.8093381,-122.4166061,2006,0.7479,,5,2,3500000,2,games_video,0,0,1,1,0,0,3,1,acquired
c:17775,OpVista,CA,37.43841079999999,-121.9240273,2000,6.4767,,2,2,43000000,1,software,0,0,0,0,1,1,1,1,closed
c:144,Metaweb Technologies,CA,37.775196,-122.419204,2005,1.1616,,7,2,57000000,2,web,0,0,1,1,0,0,3.5,1,acquired
c:13046,DocVerse,CA,37.78811500000001,-122.397141,2007,0.8932,,8,1,1300000,4,web,0,1,0,0,0,0,4,1,acquired
c:40,Veoh,CA,32.902266,-117.20834,2004,1.4986,,15,4,69750000,4,games_video,0,0,1,1,1,1,5,1,acquired
c:26460,BzzAgent,MA,42.341899,-71.065924,2001,3,,16,2,14500000,2,advertising,0,1,0,1,0,0,2,1,acquired
c:15887,Hammerhead Systems,CA,37.40006,-122.049689,2002,4.0849,,2,2,48000000,0,other,0,0,0,0,1,1,6,1,closed
c:36742,ThermalTherapeuticSystems,Other,40.418851,-79.904163,2006,3.5041,,3,2,3508462,0,other,1,0,1,0,0,0,3,1,closed
c:3962,GuardianEdge Technologies,CA,37.778613,-122.395289,2002,3.4301,,10,3,19500000,1,software,0,0,1,1,0,0,3.3333,1,acquired
c:162116,Gradient X,CA,34.019657,-118.487549,2012,0.4685,,5,1,3750000,3,mobile,0,0,0,0,0,0,9,1,acquired
c:55044,ezzai - how to arabia,Other,41.817807,-88.173402,2010,0,,1,1,45000000,0,web,0,0,0,0,0,0,2,0,closed
c:7207,rPath,Other,35.79181,-78.74123,2005,0.8164,,8,4,32500000,3,enterprise,0,0,1,1,1,1,2.75,1,closed
c:863,Boomi,Other,40.063476,-75.457492,2000,1.8384,,4,2,4900000,5,enterprise,0,1,0,1,0,0,1.5,1,acquired
c:16066,VoloMedia,,37.382376,-122.037607,2005,2.2986,,4,2,12000000,3,advertising,0,0,0,1,1,0,2,1,closed
c:220,Flixster,,37.76690900000001,-122.406676,2006,0.0329,,12,3,7175000,6,web,0,1,1,1,0,0,2.6667,1,acquired
c:54,Wesabe,,37.793148,-122.402567,2005,1.1699,,3,2,4700000,4,web,0,1,1,0,0,0,1.5,1,closed
c:9730,OfferLounge,,26.0524615,-80.1378809,2008,0,,3,1,120000,0,other,0,1,0,0,0,0,2,0,closed
c:3122,NeoEdge Networks,CA,37.393679,-122.079017,2002,5.1041,,10,3,10000000,2,advertising,1,0,0,1,0,0,1.6667,0,acquired
c:36579,SemiSouth Laboratories,TX,30.435079,-97.770139,2000,4.9562,,0,4,39000000,0,other,1,0,1,0,0,0,3,0,closed
c:43327,Camiant,MA,42.345927,-71.552287,2003,2.2411,,3,2,16100000,0,software,0,0,0,1,1,0,2.5,1,acquired
c:1789,NuConomy,CA,37.795191,-122.430411,2006,1.2466,,4,2,3300000,3,advertising,0,1,1,0,0,0,2,1,acquired
c:38339,Flowtown,CA,37.779281,-122.419236,2009,1.5616,,6,1,750000,3,other,0,1,0,0,0,0,9,1,acquired
c:13410,GlobalCrypto,Other,33.776834,-84.3895875,2006,2.4493,,0,2,1000000,0,software,1,1,0,0,0,0,2,0,closed
c:43915,Bioenvision,NY,40.730646,-73.986614,1996,11.3342,,3,1,7410000,0,biotech,1,0,0,0,0,0,3,1,closed
c:37712,Teranetics,CA,37.404788,-121.940842,2000,6.8932,,5,3,52800000,0,other,1,0,0,0,1,0,5.3333,1,acquired
c:3288,WebVisible,CA,33.97279,-118.427578,2001,4.6685,,33,3,37000000,4,software,0,0,1,1,1,0,1.3333,1,closed
c:10179,GoodGuide,CA,37.7983181,-122.4000032,2007,1.137,,14,3,14229998,3,web,0,0,1,1,0,0,3,1,acquired
c:33869,ViVu,CA,37.320309,-122.05004,2009,0.7205,,7,2,3000000,2,other,0,0,1,1,0,0,2.5,1,acquired
c:21528,avVenta,NY,40.730646,-73.986614,2005,4.0384,,10,1,20000000,1,advertising,0,0,1,0,0,0,1,0,acquired
c:30820,DiJiPOP,Other,51.43247,-2.664213,2008,0.7479,,6,2,2000000,3,advertising,0,1,0,0,0,0,1.5,1,acquired
c:25782,Layer 7 Technologies,Other,38.897976,-77.028561,2003,3.8192,,3,2,19900000,2,software,1,0,0,1,0,0,2,1,acquired
c:278,DeliveryEdge,CA,37.781689,-122.391061,2006,1.2493,,6,1,1500000,1,ecommerce,0,0,0,0,0,0,1,0,closed
c:75500,Solmentum,CA,37.779281,-122.419236,2009,0,,4,1,325000,1,other,0,1,0,0,0,0,4,0,closed
c:67806,Pipewise,CA,37.787249,-122.3990501,2010,0.463,,16,1,3500000,2,enterprise,0,0,1,0,0,0,5,1,closed
c:1212,GridNetworks,Other,47.602873,-122.336132,2004,2.0027,,7,4,30000000,2,other,0,1,1,1,0,0,2,1,closed
c:31754,MAP Pharmaceuticals,CA,39.78373,-100.445882,2003,4.2384,,1,1,50000000,0,biotech,0,0,0,0,0,1,6,1,acquired
c:25307,"ORCA, Inc.",NY,40.745003,-73.983229,2008,1.4712,,5,1,2000000,2,ecommerce,0,0,1,0,0,0,3,1,acquired
c:1870,Amobee,CA,37.52845,-122.263721,2005,1.5041,,25,6,72000000,2,advertising,1,0,1,1,1,1,2.3333,1,acquired
c:27285,KOTURA,CA,34.045919,-118.16525,2004,1.6849,,4,3,27690547,1,other,0,0,0,1,1,1,4.5,1,acquired
c:48640,Auvitek International,TX,33.068275,-96.711101,2004,2.189,,32,1,9000000,0,other,0,0,0,1,0,0,4,1,closed
c:18470,Outright,CA,37.287285,-121.942932,2008,0.4192,,12,2,7500000,3,enterprise,0,0,1,0,0,0,3.5,1,acquired
c:21395,Phurnace Software,TX,30.271393,-97.748623,2007,0.6932,,9,2,10000000,1,software,0,0,1,0,0,0,2,1,acquired
c:25132,FastSoft,CA,34.142973,-118.140553,2006,1.4411,,7,4,5965000,1,software,1,0,1,0,0,0,1,0,acquired
c:17429,Speedshape,Other,42.548008,-83.214753,2003,5.1397,,2,1,5000000,1,advertising,1,0,0,0,0,0,1,0,closed
c:487,BlueLithium,CA,37.32052,-121.948399,2004,1.0877,,15,1,11500000,2,advertising,0,0,1,0,0,0,2,1,acquired
c:40665,Media Chaperone,Other,41.875555,-87.624421,2009,1.0356,,2,2,1050000,1,web,1,0,0,0,0,0,1,0,closed
c:2972,Giant Realm,NY,40.7566658,-73.9827553,2007,1.1644,,13,2,5500000,2,web,0,0,1,0,0,0,2,1,acquired
c:1832,Invite Media,Other,39.951311,-75.169522,2007,0.8301,,17,3,5000000,4,advertising,0,1,1,0,0,0,1.6667,1,acquired
c:17512,Appscio,CA,36.9397206,-121.7768449,2006,1.2137,,4,2,7000000,0,software,0,0,1,0,0,0,2,0,closed
c:833,Eons,MA,42.375219,-71.056101,2005,1.2466,,14,2,32000000,4,other,0,0,1,1,0,0,3.5,1,closed
c:615,LocaModa,MA,42.358822,-71.104329,2007,0.7123,,8,3,7900000,2,advertising,0,0,1,0,0,0,2,0,acquired
c:1731,Meraki,CA,37.392443,-122.072517,2006,0.6685,,16,5,80000000,3,other,0,1,1,1,1,1,2.25,1,acquired
c:39755,MPOWER Mobile,TX,30.280148,-97.749908,2005,4.8247,,1,1,5000000,1,mobile,1,0,0,0,0,0,1,1,closed
c:134,Haute Secure,Other,47.638456,-122.356965,2006,1,,5,2,2100000,3,other,0,1,1,0,0,0,1.5,1,acquired
c:6313,Intelliworks,Other,39.116333,-77.181307,2004,0.2055,,6,4,22250000,1,enterprise,0,0,1,1,1,1,2.5,1,acquired
c:2566,Kluster,NY,40.723652,-73.985281,2008,0,,0,1,1000000,2,web,0,1,0,0,0,0,1,1,acquired
c:47440,International Battery,Other,40.602206,-75.471279,2008,2.3452,,0,1,35000000,0,other,0,0,0,0,1,0,1,0,closed
c:44,Jingle Networks,NY,37.480999,-122.173887,2005,0.0822,,12,7,88651133,5,mobile,1,1,1,1,1,1,3.1667,1,acquired
c:30527,SemEquip,MA,42.5656454,-71.3222696,2000,5.5945,,3,1,26000000,0,other,1,0,0,0,0,0,2,1,acquired
c:83176,ItsGoinOn,CA,34.054935,-118.244476,2010,0.6712,,3,1,100000,2,games_video,0,1,0,0,0,0,1,0,closed
c:20488,mSnap,Other,39.750152,-104.996438,2005,1,,6,1,5000000,3,mobile,0,0,1,0,0,0,1,1,acquired
c:24570,Biofisica,Other,34.062588,-84.16923,2000,6.8356,,5,2,7300000,0,biotech,1,0,1,0,0,0,3,1,closed
c:20506,Ardian,CA,37.406914,-122.09037,2003,2.0027,,8,3,64080000,2,biotech,0,0,1,1,1,0,4,1,acquired
c:23192,Canopy Financial,CA,37.791388,-122.392148,2004,4.0027,,6,4,89500000,2,other,0,0,0,1,1,0,1,1,closed
c:38,Kyte,CA,37.788482,-122.409173,2006,0.5808,,11,4,23350000,2,games_video,0,1,1,1,0,0,3,1,acquired
c:7376,Ounce Labs,MA,42.393662,-71.255855,2002,3.6877,,7,2,13500000,0,software,1,0,0,0,1,0,2.5,1,acquired
c:16070,Crossbeam Systems,MA,42.496515,-71.480233,2000,7.3534,,13,2,24500000,2,other,0,0,0,0,0,0,5.5,1,acquired
c:53814,PacketHop,CA,37.534538,-122.252466,2002,3.6027,,2,1,10000000,1,other,0,0,0,0,1,0,4,1,closed
c:24040,DynaPump,TX,30.161661,-95.471256,1992,16.4192,,0,1,6000000,0,other,0,0,0,1,0,0,3,0,closed
c:40762,Immunet Corporation,CA,37.424298,-122.139809,2008,1.337,,3,1,2000000,1,software,0,0,1,0,0,0,2,1,acquired
c:75008,CopperEgg Corporation,TX,30.280148,-97.749908,2010,1.1123,,3,2,4100000,2,enterprise,0,0,1,0,0,0,1.5,1,acquired
c:197,Wink,CA,37.40047,-122.072981,2004,0.3699,,5,1,6200000,4,other,0,0,1,0,0,0,2,1,acquired
c:3087,PopularMedia,CA,37.767575,-122.411157,2003,4.0877,,8,2,12250000,1,advertising,0,0,0,1,1,0,2.5,1,acquired
c:23098,Miyowa,CA,37.779281,-122.419236,2003,3.3945,,3,2,11725600,2,mobile,0,0,1,1,0,0,2,1,acquired
c:45792,Intrusic,MA,42.504817,-71.195611,2001,4.3151,,1,2,16000000,0,software,0,0,1,1,0,0,3,1,closed
c:37215,Dashwire,Other,47.603832,-122.330062,2006,2.4767,,10,3,5056559,2,mobile,1,0,1,0,0,0,1.6667,1,acquired
c:314,Reddit,CA,37.780883,-122.395257,2005,0.4137,,9,1,100000,3,web,0,1,0,0,0,0,1,1,acquired
c:3991,Pure Digital Technologies,CA,37.779281,-122.419236,2001,2.3342,,11,3,68200000,3,other,1,1,0,0,0,0,4,1,acquired
c:16892,Voxify,CA,37.789429,-122.276524,2001,4.0877,,5,3,33000000,1,enterprise,1,0,0,1,0,1,3.6667,1,acquired
c:38460,EvoApp,Other,35.986906,-78.896718,2009,1.7863,,8,3,3352194,2,other,0,1,1,0,0,0,9.5,0,closed
c:36484,Calibra Medical,CA,37.484347,-122.225803,2004,5.9014,,1,4,19800000,0,biotech,1,0,0,0,0,1,5,1,acquired
c:47270,Offermatic,CA,37.566009,-122.321646,2010,0.8301,,6,2,4500000,2,web,0,1,1,0,0,0,3,1,closed
c:17433,HiWired,MA,42.2960173,-71.2128734,2004,4.0027,,2,2,14000000,1,software,1,0,0,1,0,0,1.5,1,acquired
c:144687,DateMyFamily.com,Other,26.106273,-80.41894,2011,0.0548,,4,1,100000,2,other,0,1,0,0,0,0,1,0,closed
c:6592,Hyperic,CA,37.4027811,-122.1441615,2004,2.3562,,4,2,9900000,2,software,0,0,1,1,0,0,2,1,acquired
c:34545,Optimal,CA,37.779281,-122.419236,2008,0,,10,3,7600000,2,advertising,0,0,1,1,0,0,5,1,acquired
c:17030,SendMeHome.com,CA,34.430786,-119.715074,2008,0,,2,1,50000,1,games_video,0,1,0,0,0,0,2,0,closed
c:10610,Geodelic Systems,CA,34.005914000000004,-118.488129,2008,0.9178,,8,3,10500000,3,mobile,1,0,1,1,0,0,2,1,closed
c:68470,BlockBeacon,CA,34.019657,-118.487549,2012,0.4712,,12,1,500000,2,web,0,1,0,0,0,0,1,0,acquired
c:10197,PostPath,CA,37.390501,-122.081151,2003,1.9342,,2,2,24300000,3,web,0,0,0,1,1,0,2.5,1,acquired
c:33771,Attune Systems,CA,37.386778,-121.966277,1999,7.4904,,6,2,18000000,1,other,1,0,0,1,0,0,4,1,closed
c:437,TokBox,CA,37.779507,-122.39071,2007,0.6548,,27,3,26000000,5,other,0,0,1,1,1,0,3.6667,1,acquired
c:15870,Avega Systems,CA,37.391642,-122.093935,2005,2.2466,,2,2,9500000,0,other,1,0,0,1,0,0,3,1,closed
c:20062,Heartscape,Other,39.2328783,-76.8204666,2000,7.3151,,6,1,16980999,1,biotech,0,0,0,1,0,0,1,1,acquired
c:281,PeerMe,CA,37.419819,-122.090188,2004,1.0027,,2,1,5000000,2,games_video,0,0,1,0,0,0,3,0,closed
c:19869,Pacinian,Other,47.657943,-117.421226,2007,1.6712,,3,1,350000,0,other,1,0,0,0,0,0,1,0,closed
c:8251,neoSaej,MA,42.485691,-71.19862,2006,1.2384,,1,5,13130000,1,web,1,0,1,0,0,0,2,1,closed
c:60243,Kiha Software,Other,39.78373,-100.445882,2008,2.8247,,1,1,20000000,2,software,0,0,1,0,0,0,1,0,closed
c:513,Vlingo,MA,42.372912,-71.118999,2006,0.5014,,18,3,26500000,4,mobile,1,0,1,1,0,0,2,1,acquired
c:19483,Tizor Systems,MA,42.432106,-71.453968,2002,3.6986,,4,2,15000000,0,enterprise,0,0,0,1,0,0,5,1,acquired
c:49341,Cerona Networks,Other,39.414219,-77.410927,2002,4.3041,,0,1,2600000,0,other,0,0,1,0,0,0,1,0,closed
c:31764,Oorja Protonics,CA,37.54827,-121.988572,2004,2.3973,,1,4,21470000,0,other,0,0,1,1,0,0,3.5,1,closed
c:51969,Hurricane Party,TX,30.280148,-97.749908,2010,0,,5,1,20000,2,mobile,0,1,0,0,0,0,1,0,closed
c:1284,Minekey,CA,37.384239,-122.012475,2005,1.9151,,10,2,3600000,3,web,0,1,1,0,0,0,1,0,closed
c:24029,Blip,NY,40.728425,-73.999882,2005,0.8329,,23,7,27300000,4,games_video,0,1,1,1,1,1,2,1,acquired
c:166772,Fabkids,CA,37.779281,-122.419236,2012,0.5863,,8,1,2600000,1,ecommerce,0,0,1,0,0,0,2,0,acquired
c:59709,CafeBots,CA,37.424298,-122.139809,2010,0.8027,,5,1,5000000,2,web,0,0,1,0,0,0,1,1,closed
c:11888,Avaak,CA,32.897274,-117.201076,2004,4.7589,,2,2,17000000,2,mobile,0,0,1,1,0,0,3.5,1,acquired
c:158294,Newfield Design,Other,43.643967,-70.923675,2008,4.3699,,0,1,662000,0,other,0,0,1,0,0,0,3,0,closed
c:58550,Savored,NY,40.73901,-73.997259,2010,0,,12,2,3750000,2,other,0,1,1,0,0,0,4,1,acquired
c:4,Digg,CA,37.764726,-122.394523,2004,0.9726,,57,4,45000000,8,other,0,0,1,1,1,1,4.6667,1,acquired
c:1475,Songza,NY,40.74731129999999,-73.9549182,2007,3.8849,,9,2,6700000,4,other,1,0,0,0,0,0,8,1,acquired
c:23134,Bigfoot Networks,CA,37.536402,-122.325129,2006,0.1753,,12,3,20750000,2,other,1,0,1,1,0,0,2.3333,1,acquired
c:453,Kongregate,CA,37.786942,-122.401245,2006,1.1616,,5,4,19000000,0,games_video,0,0,1,1,1,0,2,1,acquired
c:282,Kiptronic,CA,37.792394,-122.402349,2005,0.5041,,10,3,7300000,3,advertising,0,1,1,1,0,0,2,1,acquired
c:6340,Cozi Group,Other,39.78373,-100.445882,2005,0.7479,,16,7,26390819,3,web,1,0,1,1,0,0,1.3333,1,closed
c:9599,Likewise Software,Other,47.582658,-122.135282,2004,4.4959,,4,1,10000000,0,software,0,0,0,0,1,0,3,1,acquired
c:63621,Lifestander,NY,40.73901,-73.997259,2010,0.0849,,1,1,31000,1,web,0,1,0,0,0,0,2,0,closed
c:251,Jaxtr,CA,37.451026,-122.18676,2005,1.7479,,16,3,21500000,4,mobile,0,0,1,1,0,0,3.3333,1,acquired
c:12285,MX Logic,Other,39.540323,-104.857271,2002,4.8521,,5,1,4000000,1,other,0,0,0,0,0,0,5,1,acquired
c:885,Metaplace,CA,33.020832,-117.077311,2006,0.5041,,5,3,9400000,4,games_video,1,0,1,1,0,0,4,1,acquired
c:1704,TravelMuse,NY,37.402802,-122.117418,2007,0.0411,,9,3,5600000,4,web,0,0,1,1,0,0,2,1,acquired
c:5986,Jambool,CA,37.782101,-122.389519,2006,2.0027,,9,2,6000000,2,other,0,0,1,1,0,0,2.5,1,acquired
c:23756,Zipcar,Other,33.7862629,-84.3877936,2000,2.137,,35,4,60704370,3,other,1,0,0,1,0,1,2,1,acquired
c:43172,Hitpost,CA,37.78227879999999,-122.392978,2009,0.7534,,16,3,2000000,2,other,0,1,0,0,0,0,3.6667,1,acquired
c:20637,Home-Account,CA,37.778551,-122.391686,2008,0.4548,,5,2,1000000,3,other,1,0,1,0,0,0,5.5,1,acquired
c:20033,PayParade Pictures,Other,40.012771,-75.239234,2007,1.126,,3,2,200000,2,games_video,0,1,1,0,0,0,2,1,closed
c:13504,Planet Metrics,CA,37.628328,-122.420814,2007,1.8658,,2,1,2300000,2,other,0,0,1,0,0,0,2,1,closed
c:3185,kwiry,CA,37.7885714,-122.4035985,2006,2.2164,,5,1,1000000,4,mobile,0,0,1,0,0,0,1,1,closed
c:725,imeem,CA,37.779624,-122.391236,2003,0.8356,,13,5,24750000,3,other,1,1,1,1,0,0,2.4,1,acquired
c:13921,Amadesa,Other,42.055849,-87.694664,2005,2.5534,,15,2,12800000,1,software,0,0,1,1,0,0,2,1,closed
c:24549,Cast Iron Systems,CA,37.4305755,-122.0971389,2001,4.2384,,10,2,30500000,1,enterprise,0,0,0,0,0,1,4.5,1,acquired
c:5952,Aptera,CA,33.133524,-117.254593,2003,5.5671,,3,3,36300000,2,other,1,0,0,0,1,0,1.5,1,closed
c:43183,RentJuice,CA,37.779281,-122.419236,2008,2.1726,,7,3,6693782,3,other,1,0,0,0,0,0,1.6667,1,acquired
c:41968,Verari Systems,CA,32.901049,-117.192656,1996,11.4329,,1,1,20000000,0,other,0,0,0,0,1,0,5,1,closed
c:5485,Parascale,CA,37.316653,-122.05074,2005,3.4767,,8,1,11370000,3,other,0,0,1,0,0,0,2,1,acquired
c:9,Geni,CA,34.090368,-118.393064,2006,0.5863,,13,3,16500000,4,web,0,0,1,1,1,0,1.3333,1,acquired
c:15129,Zentact,CA,37.794891,-122.397901,2008,0,,3,1,250000,1,other,0,1,0,0,0,0,3,0,closed
c:339,Outside.in,NY,40.70438220000001,-73.9865717,2006,0.5041,,9,5,14400000,5,web,0,1,1,1,0,0,5.8,1,acquired
c:967,Salesforce Buddy Media,NY,40.756054,-73.986951,2007,0,,24,5,90000000,3,enterprise,1,0,1,1,1,1,3.8,1,acquired
c:2925,Vizu Corporation,CA,37.797435,-122.403175,2005,1.0164,,10,4,13075000,2,advertising,0,0,1,1,0,0,4,1,acquired
c:69834,DynamicOps,MA,42.504817,-71.195611,2008,3.1616,,6,2,16300000,2,enterprise,0,0,0,1,0,0,2,1,acquired
c:44434,Movero Technology,TX,30.409765000000004,-97.75101,2003,4.4521,,5,2,5992316,1,enterprise,1,0,1,0,0,0,2,0,acquired
c:40417,Elevation Pharmaceuticals,CA,32.962655,-117.189656,2007,3.0575,,2,4,89400001,0,biotech,1,0,1,1,0,0,4.3333,1,acquired
c:18897,Punch Entertainment,CA,37.4233698,-122.0986859,2005,0.8027,,4,1,1200000,1,software,0,0,1,0,0,0,1,0,closed
c:43416,Stickybits,NY,40.729839,-73.991781,2009,1.1836,,7,2,1900000,2,web,0,1,1,0,0,0,2.5,1,closed
c:23692,Ecast,CA,37.779281,-122.419236,1999,9.3534,,9,3,30300000,2,games_video,1,0,0,0,0,1,4.5,1,closed
c:28162,lifeIO,NY,40.730646,-73.986614,2006,2.0027,,4,1,500000,0,web,0,1,0,0,0,0,5,0,closed
c:1587,EdgeCast Networks,CA,34.049767,-118.459387,2006,0,,19,5,74000000,2,other,0,1,1,1,1,1,1.75,1,acquired
c:26988,Sirific Wireless,TX,32.945353999999995,-96.708874,2000,7.1205,,3,1,18800000,0,other,0,0,0,0,1,0,7,1,acquired
c:32094,ZoomSafer,Other,38.969532,-77.385948,2009,0.1616,,3,4,3350000,2,mobile,0,1,1,1,0,0,1.5,0,acquired
c:39364,AkaRx,Other,40.944543,-74.075419,2005,5.0192,,1,1,26100000,0,biotech,1,0,0,0,0,0,2,1,acquired
c:51623,Lama Lab,Other,40.441694,-79.990086,2009,1.411,,0,2,1213066,0,enterprise,1,0,0,0,0,0,1,1,closed
c:8676,Buysight,CA,37.425359,-122.1389633,2008,0.8438,,18,3,24030000,3,advertising,0,0,1,1,0,0,3.6667,1,acquired
c:767,TripIt,CA,37.764169,-122.402021,2006,0.4986,,14,3,13100000,5,other,0,1,0,1,1,0,1.6667,1,acquired
c:6011,Pinch Media,NY,40.757929,-73.985506,2008,0.0822,,6,3,560001,5,software,1,1,0,0,0,0,3.5,1,acquired
c:31794,Enstratius,Other,44.9773,-93.265469,2009,2.8493,,7,1,3500000,3,enterprise,0,0,1,0,0,0,2,1,acquired
c:10054,Jumptap,MA,42.368633,-71.075305,2005,0.1616,,45,7,121500000,3,mobile,1,0,1,1,1,1,4.5,1,acquired
c:14036,WiChorus,CA,37.40909600000001,-121.943191,2005,0.9726,,18,4,42500000,1,mobile,1,0,1,1,1,0,2.5,1,acquired
c:38123,Hatteras Networks,Other,35.996653,-78.901805,2000,5.4384,,26,2,36000000,1,software,1,0,0,0,0,1,3.5,1,acquired
c:16709,Focus,CA,37.793949,-122.398062,2005,2.5973,,7,1,12170000,2,enterprise,0,0,0,0,1,0,3,1,closed
c:46901,easy2comply (Dynasec),NY,40.730646,-73.986614,2002,5.7534,,4,1,1000000,2,software,0,0,1,0,0,0,3,1,acquired
c:13219,Clearwire,Other,30.6324797,-86.9843446,2003,4.6,,19,4,5700000000,2,mobile,0,0,0,0,0,0,4.25,1,acquired
c:44576,CREDANT Technologies,TX,32.960431,-96.83026,2001,6.9699,,6,1,5000000,2,other,0,0,0,0,1,0,5,1,acquired
c:55043,Exclusively.in,NY,40.750519,-73.993494,2010,0.8384,,4,2,18800000,1,other,0,0,1,1,0,0,2.5,1,acquired
c:31832,Avidia,CA,37.406914,-122.09037,2003,2.3452,,3,2,72300000,0,advertising,0,0,0,1,1,0,4.5,1,acquired
c:42672,Octavian,MA,42.479262,-71.152277,2003,2.4164,,2,2,15000000,1,software,0,0,1,1,0,0,2.5,1,closed
c:130,KickApps,NY,40.75166110000001,-73.9843328,2004,2.2521,,22,3,39007789,5,enterprise,0,0,1,1,1,0,3,1,acquired
c:60087,Localocracy,MA,42.360253,-71.058291,2009,0.3288,,4,3,172500,2,web,0,1,0,0,0,0,1,0,acquired
c:24853,Pixable,NY,40.730646,-73.986614,2009,1.6658,,23,2,6100000,2,other,0,0,1,1,0,0,1,1,acquired
c:14608,mFoundry,CA,37.862592,-122.493561,2004,2.2192,,7,3,40300000,5,mobile,1,0,0,1,1,0,4,1,acquired
c:65389,Bevvy,CA,34.098242,-118.35697,2011,0.3616,,9,1,100000,3,ecommerce,0,1,0,0,0,0,1,0,closed
c:1767,Livemocha,Other,47.6399006,-122.1914274,2007,0.3342,,14,5,19389998,2,other,1,0,1,1,1,0,1.5,1,acquired
c:6012,IronPort Systems,CA,37.626166,-122.411025,2000,2.4822,,21,2,61500000,3,other,0,0,0,1,0,1,4,1,acquired
c:44976,Crowdcast,CA,37.779281,-122.419236,2007,3.4411,,6,1,6000000,2,software,0,0,1,0,0,0,2,1,acquired
c:16611,Pictela,NY,40.756054,-73.986951,2008,0.2219,,8,4,3499997,3,advertising,1,0,1,0,0,0,1.5,1,acquired
c:975,Grouply,CA,37.502742,-122.211281,2006,1.2521,,13,3,2600000,2,other,0,1,1,0,0,0,3.6667,1,acquired
c:25713,Axiom Microdevices,CA,33.685697,-117.825982,2002,5.1068,,3,1,25000000,0,other,1,0,0,0,0,0,4,1,acquired
c:36151,ShoeDazzle,CA,34.019657,-118.487549,2009,0.7205,,17,4,66000000,4,other,1,0,1,1,1,0,2.3333,1,acquired
c:148576,LiftDNA,NY,40.74929,-73.981328,2009,1.4192,,5,2,1000000,1,advertising,0,1,0,0,0,0,3.5,0,acquired
c:73586,Onavo,CA,37.424298,-122.139809,2010,1.3288,,11,2,13000000,2,mobile,0,0,1,1,0,0,3,1,acquired
c:46070,Pyxis Mobile,MA,42.37564,-71.2358,1998,7.6932,,3,3,24150000,2,software,1,0,1,1,0,0,2.3333,1,closed
c:84867,Link_A_Media Devices,CA,37.354469,-121.990433,2004,5.8411,,4,3,47218498,0,other,1,0,0,0,1,1,3.3333,1,closed
c:12171,Guardium,MA,42.37564,-71.2358,2002,3.6137,,1,2,11800000,2,other,0,0,0,0,1,1,4.5,1,acquired
c:45413,Trooval,Other,35.96544,-115.106579,2008,1.5973,,2,2,2387481,1,other,1,0,0,0,0,0,1,1,closed
c:1285,Compete,MA,42.346743,-71.076632,2000,0.8356,,35,4,33000000,5,consulting,1,0,1,1,1,0,2.5,1,acquired
c:13730,Rollstream,Other,38.872668,-77.367981,2005,2.6712,,4,2,7500000,3,software,0,0,1,1,0,0,1.5,1,acquired
c:31936,NeoGuide Systems,CA,37.404788,-121.940842,2000,6.7479,,3,1,25000000,1,biotech,0,0,0,0,1,0,1,1,acquired
c:32011,Accept Software,CA,37.386778,-121.966277,2002,3.7096,,7,4,25305000,1,software,1,0,1,1,1,0,2,1,acquired
c:22203,Milo,CA,37.444531,-122.163352,2008,0.8356,,21,2,4950000,3,web,0,1,1,0,0,0,12.5,1,acquired
c:10512,Mimosa Systems,CA,37.37968400000001,-121.97514,2003,2.2712,,8,6,53816776,0,software,1,0,0,1,1,1,5,1,acquired
c:60436,Cloudmeter,CA,37.388869,-122.072353,2007,5.0767,,7,1,5000000,2,enterprise,0,0,1,0,0,0,1,0,acquired
c:5779,Zecter,CA,37.384756,-122.087712,2007,0,,9,3,2515000,3,other,1,1,1,0,0,0,1.6667,1,acquired
c:3413,Dimdim,MA,42.6161515,-71.3258687,2006,1.0849,,10,2,8400000,3,web,0,0,1,1,0,0,2,1,acquired
c:6049,TeleFlip,CA,34.01695,-118.451933,2004,2.5836,,5,2,4900000,3,mobile,0,0,1,1,0,0,1,1,closed
c:58998,MessageGate,Other,47.614422,-122.192337,2001,4.2959,,3,1,5000000,1,software,1,0,0,0,0,0,5,1,closed
c:39283,Cloverleaf Communications,NY,40.825655,-73.467622,2001,4.4904,,2,1,11000000,0,other,0,0,0,0,1,0,3,1,acquired
c:13681,SkyPilot Networks,CA,37.381876,-121.95993,2000,1.0027,,6,4,68400000,0,mobile,1,0,1,0,1,1,4,1,acquired
c:21762,Zencoder,CA,37.779281,-122.419236,2007,3.0877,,7,2,2000000,2,software,0,1,1,0,0,0,8.5,1,acquired
c:39801,Storm Exchange,NY,40.730646,-73.986614,2006,0.6685,,2,2,10800000,1,enterprise,1,0,1,0,0,0,2,1,closed
c:11307,Exaprotect,CA,37.419347,-122.089639,2004,2.5233,,5,1,7660000,3,other,0,0,1,0,0,0,6,1,acquired
c:37929,Akorri Networks,MA,42.537592,-71.51201,2005,0.3397,,5,4,48730000,3,software,1,0,1,1,1,0,3,1,acquired
c:47115,Giiv,CA,34.054935,-118.244476,2009,0,,1,2,3350000,1,other,0,1,1,0,0,0,2.5,1,closed
c:11817,MyShape,CA,34.141876,-118.132377,2003,3.8767,,3,4,28000000,2,ecommerce,1,0,0,1,1,0,3,1,closed
c:81476,BlackLocus,TX,30.2702703,-97.742204,2010,1.4959,,5,1,2500000,1,other,0,0,1,0,0,0,2,1,acquired
c:155,FeedBurner,Other,41.889474,-87.628912,2004,0.3315,,16,2,8000000,4,web,0,0,1,1,0,0,4,1,acquired
c:9822,DailyBurn,NY,40.73901,-73.997259,2007,0.5836,,6,2,540000,2,web,0,1,0,0,0,0,2.5,1,acquired
c:93,CastTV,CA,37.780716,-122.393913,2006,0,,4,2,3100000,4,games_video,0,1,1,0,0,0,2,1,acquired
c:37635,Venmo,NY,40.750519,-73.993494,2009,1.0904,,8,2,1200000,2,mobile,0,1,1,0,0,0,6,1,acquired
c:1627,WeShow,NY,40.752516,-73.973072,2007,0,,2,1,5000000,1,games_video,0,0,1,0,0,0,2,0,closed
c:15294,SenSage,CA,37.785655,-122.398393,2004,0.6658,,6,6,37079000,1,other,1,0,0,0,1,1,3.8,1,acquired
c:27163,Luminus Devices,MA,42.528635,-71.278022,2002,4.3315,,3,4,135826373,2,other,0,0,0,1,0,1,4.3333,1,acquired
c:77139,BestVendor,NY,40.728425,-73.999882,2011,0.2082,,3,4,4200000,3,software,0,1,1,0,0,0,3,1,acquired
c:80259,Eyeona,CA,37.222698,-121.979887,2011,0.7726,,3,1,2000000,2,web,0,0,0,0,0,0,1,0,closed
c:26806,ColdSpark,Other,39.937989,-105.058729,2001,5.0027,,3,1,6500000,1,software,1,0,0,0,0,0,1,1,acquired
c:18080,Etology,CA,37.561111,-122.270487,2005,1.4521,,0,1,4000000,0,web,0,0,1,0,0,0,3,0,closed
c:55592,Wander (f. YongoPal),CA,37.391642,-122.093935,2010,0.2466,,3,5,185000,1,mobile,1,1,0,0,0,0,2,1,closed
c:74928,CrowdCompass,Other,45.520247,-122.674195,2009,2.6959,,5,1,1300000,2,mobile,0,0,1,0,0,0,1,0,acquired
c:2731,Right Media,NY,40.74632,-73.982607,2003,3.7945,,21,1,45000000,0,advertising,0,0,0,1,0,0,1,0,acquired
c:1419,FiveRuns,TX,30.280148,-97.749908,2005,0.5808,,11,2,9200000,2,web,0,0,1,1,0,0,1,1,acquired
c:29168,TrenStar,Other,39.616435,-104.879925,2001,6.263,,2,1,10000000,1,software,1,0,0,0,0,0,1,0,acquired
c:60352,World Blender,Other,47.603832,-122.330062,2010,0.8329,,3,1,12000,1,games_video,0,1,0,0,0,0,1,1,closed
c:39507,Zymetis,Other,38.988766,-76.940952,2006,4.0301,,3,2,2257464,0,biotech,1,0,0,0,0,0,1,0,closed
c:82843,Dispatch,NY,40.729839,-73.991781,2011,0.1671,,4,2,983000,2,other,0,1,0,0,0,0,6,1,acquired
c:23052,HauteLook,CA,34.054935,-118.244476,2007,1.4466,,15,2,41000000,2,other,0,0,0,1,1,0,1.5,1,acquired
c:10969,Semantra,TX,32.969251,-96.823778,2003,3.6685,,0,3,9100000,0,software,1,0,0,1,1,0,1,0,closed
c:46129,Sponge,CA,37.779281,-122.419236,2010,0.2959,,3,1,400000,2,web,0,1,0,0,0,0,1,1,acquired
c:36936,Genesis Networks,NY,40.730646,-73.986614,2002,4.737,,4,10,22165091,0,other,1,0,0,1,0,0,2,1,acquired
c:1760,Mogad,CA,37.763652,-122.421778,2007,0.1671,,4,1,500000,2,other,0,0,1,0,0,0,4,1,acquired
c:173,Meebo,CA,37.393679,-122.079017,2005,0.663,,29,5,70000000,4,web,0,0,1,1,1,1,2.8,1,acquired
c:6520,Accertify,Other,42.048203,-88.031569,2007,1.2603,,6,2,4700000,1,other,1,0,1,0,0,0,1,1,acquired
c:1725,N2N Commerce,MA,37.09024,-95.712891,2006,2.0055,,1,1,30000000,1,ecommerce,1,0,0,0,0,0,2,1,acquired
c:26007,StreamBase Systems,MA,42.447318,-71.2245,2003,2.0658,,13,5,39000000,1,software,0,0,0,1,1,1,3.25,1,acquired
c:16189,Provigent,CA,37.381341,-121.977065,2000,6.4356,,10,3,32000000,1,other,0,0,0,0,0,1,3,1,acquired
c:6117,Navic Networks,MA,42.375518,-71.272292,2000,0.1151,,7,3,42000000,0,advertising,0,0,1,1,1,0,2.6667,1,acquired
c:45696,Integrien,CA,33.685697,-117.825982,2001,4.3726,,5,3,24510540,2,enterprise,1,0,1,1,0,0,2.6667,1,acquired
c:56580,Generic Media,CA,37.441537,-122.158332,2000,5.6548,,0,1,2500000,0,software,1,0,0,0,0,0,2,1,closed
c:23072,Persystent Technologies,Other,28.0385347,-82.5068513,2002,3.6027,,1,3,21460663,2,software,0,0,0,1,1,1,4.5,1,acquired
c:49442,WireImage,NY,40.730646,-73.986614,2001,5.3507,,6,1,15000000,0,games_video,0,0,0,0,1,0,4,1,acquired
c:38794,Hello Chair,CA,37.779281,-122.419236,2006,1.4137,,5,2,889999,2,mobile,1,1,0,0,0,0,3.5,1,closed
c:58018,Encentuate,CA,37.573045,-122.2823,2001,4.2219,,6,1,16000000,1,software,0,0,0,1,0,0,3,1,acquired
c:921,Consorte Media,CA,37.762185,-122.467269,2005,2.4192,,5,1,7000000,4,web,0,0,0,1,0,0,2,1,acquired
c:71120,Triples Media,NY,40.730646,-73.986614,2010,0.7479,,3,2,100000,0,advertising,0,1,0,0,0,0,1,0,closed
c:20146,RightsFlow,NY,40.73901,-73.997259,2007,1.9041,,13,1,1500000,3,other,0,0,1,0,0,0,1,0,acquired
c:7440,thePlatform,Other,47.617838,-122.356027,2000,6.0356,,19,1,8000000,4,web,1,0,0,0,0,0,1,1,acquired
c:512,Docstoc,CA,34.018275,-118.495025,2007,0.2521,,22,2,4000000,4,web,0,0,1,1,0,0,3,1,acquired
c:25808,TwtBks,CA,37.7611016,-122.4160008,2009,0.0164,,3,1,25000,0,web,0,1,0,0,0,0,1,0,closed
c:20117,Zenprise,CA,37.484347,-122.225803,2003,2.4301,,10,6,64630000,3,mobile,1,0,0,1,1,0,3.6667,1,acquired
c:10398,Picateers,CA,40.787878000000006,-74.388207,2005,1,,10,2,12100000,1,web,0,0,1,1,0,0,1,1,closed
c:14854,Vontu,CA,37.779281,-122.419236,2001,4.2192,,9,2,20000000,1,software,0,0,0,0,1,1,4.5,1,acquired
c:37647,NextIO,TX,30.409765000000004,-97.75101,2003,2.0301,,10,4,49600000,1,other,0,0,0,1,1,0,2.6667,1,closed
c:18875,Emergent Game Technologies,CA,34.154942600000005,-118.6545471,2000,7.5123,,3,5,51450000,1,games_video,1,0,0,0,0,1,5.6667,1,acquired
c:76274,Sonar.me,NY,40.750519,-73.993494,2010,2,,8,1,200000,3,mobile,0,1,0,0,0,0,2,1,closed
c:150577,StyleZen,Other,39.099909,-84.504243,2011,0,,2,1,20000,1,other,0,1,0,0,0,0,1,0,closed
c:12052,Kiva Systems,MA,42.492256,-71.134549,2003,0,,13,2,11600000,3,other,0,0,1,0,1,0,2,1,acquired
c:33912,Transactiv,Other,39.099909,-84.504243,2009,0.2849,,2,1,1200000,2,advertising,0,0,1,0,0,0,4,1,closed
c:71372,nprogress,CA,34.054935,-118.244476,2010,1.8301,,4,1,1700000,2,other,0,0,0,0,0,0,7,1,closed
c:465,Brightkite,CA,39.762314,-104.982256,2007,0.5808,,9,3,1415000,4,other,1,1,0,0,0,0,1,1,acquired
c:17430,Peanut Labs,CA,37.7915,-122.40045,2005,1.0849,,16,2,4200000,2,enterprise,0,0,1,1,0,0,1.5,1,acquired
c:4529,FlipKey,MA,42.354023,-71.058096,2007,0.9151,,7,2,500000,2,web,0,1,1,0,0,0,2,0,acquired
c:41957,AppTrigger,TX,32.997114,-96.676137,2002,5.9507,,1,1,21500000,0,other,0,0,0,0,1,0,4,1,acquired
c:2889,Footnote,Other,40.3310529,-111.7276347,2006,0.0411,,4,2,10000000,2,web,0,0,1,0,0,0,2,0,acquired
c:46042,NextMedium,CA,34.054935,-118.244476,2004,1.0877,,7,2,9500000,1,software,0,0,1,1,0,0,2.5,1,closed
c:38504,iosil Energy,Other,35.084103000000006,-106.650985,2007,2.9808,,4,2,13875001,0,other,0,0,0,0,0,0,10,1,closed
c:25997,Kurani Interactive,Other,40.347054,-74.064306,2000,10.9068,,5,1,275000,1,software,0,1,0,0,0,0,2,0,closed
c:2953,Kapow Software,CA,37.426316,-122.141082,2005,0.0849,,10,3,19743770,1,software,0,0,0,1,1,0,2.5,1,acquired
c:49876,Locately,MA,42.360253,-71.058291,2008,2.0849,,5,5,1178000,1,software,0,1,0,0,0,0,5,1,acquired
c:1447,TrustedID,CA,37.520592,-122.255907,2005,0.7479,,5,3,25000000,2,other,0,0,1,1,0,0,2,1,acquired
c:26114,Ciclon Semiconductor Device Corporation,Other,40.60157589999999,-75.3611135,2004,1.5863,,1,3,24150000,0,other,1,0,1,1,0,0,2,1,acquired
c:25688,Azingo,CA,37.382162,-122.036301,2005,1.7479,,4,2,80000000,1,mobile,0,0,1,1,0,0,1,0,closed
c:335,Vudu,CA,37.354469,-121.990433,2004,1.4164,,11,2,36000000,3,other,0,0,1,1,0,0,3.5,1,acquired
c:10153,"ITOG, Inc.",Other,38.703764,-90.443832,2006,1.3973,,1,1,205000,0,other,0,1,0,0,0,0,1,0,closed
c:63,YouTube,CA,37.627971,-122.426804,2005,0.7479,,63,2,11500000,6,games_video,0,0,1,1,0,0,1,1,acquired
c:58699,Hashable,NY,40.730646,-73.986614,2010,0.8904,,15,1,4000000,2,mobile,0,0,1,0,0,0,3,1,closed
c:43386,MyNines,NY,40.74929,-73.981328,2009,0.7151,,2,1,500000,2,ecommerce,0,1,0,0,0,0,1,1,closed
c:3717,itzbig,TX,30.387275,-97.759511,2006,0.7425,,9,1,4000000,2,other,0,0,1,0,0,0,2,1,closed
c:70893,Loosecubes,NY,40.650104,-73.949582,2010,0,,8,2,9030000,2,web,0,1,1,0,0,0,4,1,closed
c:24727,Avid Radiopharmaceuticals,Other,39.952399,-75.16359,2005,0.0658,,15,4,69900000,0,biotech,0,1,1,0,1,1,4.75,1,acquired
c:162219,Contur,CA,34.050451,-118.437775,2011,0.6658,,2,1,20000,1,other,0,1,0,0,0,0,1,0,closed
c:12178,ExactTarget,Other,39.7672093,-86.1580785,2000,3.6384,,29,7,238209999,3,software,1,0,0,0,0,0,2,1,acquired
c:23487,Rhythmia Medical,MA,42.504817,-71.195611,2004,3.1014,,3,3,14700000,2,other,1,0,0,1,0,0,1,0,acquired
c:176278,Adept Cloud,CA,37.538352,-122.299665,2011,1.337,,5,2,1015000,1,enterprise,1,0,1,0,0,0,1,0,acquired
c:22113,Factery,CA,37.4484914,-122.1802812,2009,0.4438,,2,1,1200000,1,web,1,0,0,0,0,0,2,1,closed
c:5617,"MeetMe, Inc.",Other,40.364273,-74.951278,2005,1.8301,,16,2,17100000,4,web,0,0,1,1,0,0,2.5,1,acquired
c:15996,WildBlue,Other,39.6478,-104.9875,2004,4.6767,,0,1,50000000,1,web,1,0,0,0,0,0,4,1,acquired
c:46893,HeadCase Humanufacturing,CA,34.054935,-118.244476,2006,0.6548,,3,1,900000,0,software,0,0,1,0,0,0,1,1,closed
c:1753,bluepulse,CA,37.563905,-122.324688,1990,16.9863,,7,1,6000000,2,other,0,0,1,0,0,0,1,1,closed
c:22057,Mr. Youth,NY,40.729839,-73.991781,2002,0.7479,,5,2,15100000,3,advertising,0,1,1,0,0,0,1,0,acquired
c:35887,Teknovus,CA,38.232583,-122.636465,2001,1,,7,5,62600000,2,other,1,0,1,1,1,1,9.3333,1,acquired
c:1628,Qik,CA,37.486368,-122.230116,2006,1.8575,,15,4,14800000,3,mobile,1,0,0,1,1,0,2.25,1,acquired
c:4453,EQAL,CA,34.172904,-118.374037,2008,0.0411,,30,2,6875000,5,web,1,0,1,0,0,0,7,1,acquired
c:16973,IonLogix Systems,TX,31.5682893,-97.1973664,2007,0.8712,,1,1,30000,0,software,0,1,0,0,0,0,1,0,closed
c:47689,Atrica,CA,37.386778,-121.966277,2000,6.263,,10,1,22200000,1,other,0,0,0,0,0,0,9,1,closed
c:459,Socialthing,Other,40.0186731,-105.2762236,2007,0.2055,,6,2,415000,2,other,0,1,0,0,0,0,1,1,acquired
c:12468,AdECN,CA,34.394343,-119.51231,2003,3.0877,,6,1,3100000,1,advertising,0,0,1,0,0,0,5,1,acquired
c:856,Cuil,CA,37.451124,-122.166264,2005,2.1616,,13,2,33000000,4,other,0,0,1,1,0,0,2.5,1,closed
c:16276,Sensory Networks,CA,37.430025,-122.09998,2003,2.7753,,2,3,17400000,2,web,1,0,0,0,1,0,5,1,acquired
c:410,Flock,CA,37.491356,-122.228843,2005,0,,17,5,28300000,4,web,0,1,1,1,1,1,2,1,acquired
c:8573,FeeFighters,Other,41.879535,-87.624333,2009,1.3288,,5,3,1525000,2,ecommerce,0,1,0,0,0,0,2.6667,1,acquired
c:102867,WeHostels,NY,40.730646,-73.986614,2011,0.3397,0.3397,9,1,1200000,3,other,0,1,0,0,0,0,5,1,acquired
c:431,TimeBridge,CA,37.391642,-122.093935,2005,0.1781,4.0301,6,3,12400000,4,web,1,0,1,1,0,0,1.6667,1,acquired
c:60516,Lazarus Therapeutics,Other,39.959721,-75.605964,2006,4.5863,4.5863,1,1,100000,0,biotech,1,0,0,0,0,0,1,1,closed
c:43832,Loyalty Lab,CA,37.779281,-122.419236,2003,2.2219,7.3288,4,3,11000000,1,software,1,1,0,1,0,0,1.6667,1,acquired
c:83142,RentStuff.com,Other,36.16223,-86.774353,2010,1.3397,2.2795,3,2,675000,1,web,0,1,0,0,0,0,1.5,0,acquired
c:9669,ZManda,CA,37.3725243,-122.035963,2005,0,2.3863,5,2,13000000,0,software,0,0,1,1,0,0,2.5,1,acquired
c:62802,Jumo,NY,40.728425,-73.999882,2010,0.7479,0.7479,5,1,3500000,2,other,0,0,0,0,0,0,2,1,acquired
c:56568,Sionex,MA,42.49173,-71.281795,2001,4.9342,4.9342,2,1,12000000,1,other,0,0,0,0,1,0,4,1,closed
c:531,sezmi,CA,37.524422,-122.265869,2007,0.5808,4.8521,10,5,78573646,4,games_video,0,0,1,1,1,0,4.3333,1,acquired
c:10158,StudioNow,Other,36.13996,-86.796377,2007,0.4521,6.0822,2,3,15286415,1,other,0,0,1,0,0,0,1,0,acquired
c:11438,PicApp,CA,37.79402,-122.4031242,2008,0.7123,0.7123,5,1,3200000,3,web,0,0,1,0,0,0,1,1,acquired
c:75796,Million Dollar Earth,Other,47.184901,-122.292141,2011,0.0164,0.0164,1,1,30000,1,advertising,0,1,0,0,0,0,2,0,closed
c:45428,Composite Software,CA,37.538352,-122.299665,2002,0,10.8192,28,3,14650003,1,software,0,1,0,0,0,1,1,0,acquired
c:16365,Terracotta,CA,37.7710177,-122.4025976,2003,3.1589,5.6712,9,2,23500000,1,software,1,0,0,1,0,0,5,1,acquired
c:46889,FireStar Software,MA,42.493447,-71.514104,2001,5.0082,5.0082,2,1,980000,0,software,0,0,0,0,0,0,1,0,closed
c:16264,Aquest Systems,CA,37.390956,-122.032795,2004,3.1562,3.1562,0,1,20000000,0,other,0,0,0,1,0,0,3,1,closed
c:2838,Generate,CA,34.031328,-118.471463,2004,4.1753,5.537,0,2,8000000,1,games_video,0,0,1,0,0,0,1.5,1,acquired
c:732,Attributor,CA,37.453687,-122.228595,2005,0.326,4.6932,13,4,25200000,3,software,0,0,1,1,1,1,4,1,acquired
c:1853,Greenplum Software,CA,37.552262,-122.292146,2003,2.7507,4.589,21,4,61000000,2,software,0,0,1,1,1,0,3,1,acquired
c:971,PlaySpan,CA,37.396312,-121.961396,2006,1.337,4.3041,12,4,46300000,4,games_video,1,0,1,1,1,0,4.25,1,acquired
c:1107,JackBe,Other,38.963492,-77.091025,2002,4.0274,8.2712,15,4,24500000,5,software,0,0,0,1,1,1,4.3333,1,acquired
c:997,Zimbra,CA,37.557637,-122.285714,2003,3.2493,3.2493,19,1,14500000,3,enterprise,0,0,0,0,1,0,9,1,acquired
c:30307,Smith & Tinker,Other,47.5827803,-122.1548103,2007,2.6493,2.6493,1,1,29000000,1,games_video,1,0,0,0,0,0,5,1,closed
c:16271,Mu Dynamics,CA,37.390233,-122.033741,2005,0,3.3808,5,3,24000000,1,other,0,0,1,1,1,0,2.6667,1,acquired
c:22712,Fulcrum Microsystems,CA,34.1411985,-118.7040908,2000,5.3562,10.2082,2,4,81017493,1,other,1,0,0,0,1,1,5.6667,1,acquired
c:9782,ReTel Technologies,CA,41.78942,-87.596232,2007,1.8493,2.1726,4,2,1000000,3,other,0,1,0,0,0,0,4.5,1,acquired
c:68169,NexGen Storage,Other,39.977763,-105.13193,2010,1.1014,1.8712,14,2,12010000,2,software,1,0,1,0,0,0,2.5,1,acquired
c:31488,Roxro Pharma,CA,37.459177,-122.173907,1999,8.4493,8.4493,1,1,42700000,0,biotech,0,0,0,1,0,0,3,1,closed
c:17542,Intelliden,CA,37.4587657,-122.1725191,2000,5.9753,7.3918,5,3,80000000,1,software,1,0,0,0,0,1,4,1,acquired
c:51228,XGraph,NY,40.730646,-73.986614,2008,1.7644,1.7644,5,1,3750000,2,other,0,0,1,0,0,0,1,1,acquired
c:71852,Color Labs Inc.,CA,37.441537,-122.158332,2010,0,0.6411,11,2,41000000,2,other,0,0,1,1,0,0,1.5,1,closed
c:23125,Playdom,CA,37.393536,-122.076747,2008,1.7781,2.3863,37,2,76000000,3,games_video,0,0,1,0,0,0,4,1,acquired
c:37928,Digital Reef,MA,42.493447,-71.514104,2006,0,2.7507,9,2,20000000,2,enterprise,0,0,1,1,0,0,1,1,acquired
c:65916,Servio,CA,37.779281,-122.419236,2009,1.2877,3.8521,11,2,9356180,4,other,0,0,1,1,0,0,1.5,1,acquired
c:16618,Vocalocity,Other,33.7812614,-84.3675617,2007,2.0767,4.6603,9,2,13600000,2,software,0,0,0,1,1,0,3,1,acquired
c:1541,Dapper,CA,37.7766184,-122.3938931,2006,1.1671,1.1671,19,1,3000000,4,advertising,0,0,1,0,0,0,2,1,acquired
c:15687,SeeSaw Networks,CA,37.791564,-122.399981,2005,1.874,6.4767,4,5,21138876,0,advertising,1,0,1,1,0,0,2,1,closed
c:20889,oneforty,MA,42.36401400000001,-71.101375,2009,0.1945,0.7836,13,4,2345000,3,enterprise,0,1,1,0,0,0,5.75,1,acquired
c:2272,Smalltown,CA,37.566123,-122.323045,2005,0.7945,0.7945,7,1,4000000,4,web,0,0,1,0,0,0,1,0,closed
c:5043,Skyrider,CA,37.406914,-122.09037,2003,3.811,5.1781,2,2,17000000,2,software,1,0,0,0,1,0,3,1,closed
c:42193,SkillSlate,NY,40.750519,-73.993494,2009,1.8,1.8,8,1,1100000,1,web,0,1,0,0,0,0,8,1,acquired
c:7345,Fortisphere,Other,38.87804000000001,-77.436151,2006,1.8822,1.8822,2,1,10000000,1,software,0,0,1,0,0,0,2,1,closed
c:103204,PlayerDuel,CA,37.424298,-122.139809,2011,0.6767,1.4493,2,2,21189,1,mobile,1,1,0,0,0,0,1,1,closed
c:25743,Aveksa,MA,42.3988661,-71.253781,2004,2.4521,5.1562,7,3,28000000,2,software,0,0,1,1,1,0,2.6667,1,acquired
c:55829,PANTA Systems,CA,37.386778,-121.966277,2002,3.3315,3.3315,0,1,9500000,0,software,1,0,0,0,0,0,2,0,closed
c:26556,Beceem Communications,CA,37.352313,-121.967982,2003,1.7479,5.5616,5,3,69600000,1,other,1,0,0,1,0,1,7.6667,1,acquired
c:29312,Trust Digital,Other,38.919954,-77.212493,2003,2.6822,6.4164,11,3,23500000,2,mobile,1,0,0,1,1,0,3.6667,1,acquired
c:3050,Sabrix,Other,45.413842,-122.725662,2002,4.4712,4.4712,6,1,13000000,1,software,0,0,0,0,0,1,4,1,acquired
c:2709,Panther Express,NY,40.73901,-73.997259,2005,1.5616,3.1562,8,2,21750000,2,games_video,1,0,0,1,0,0,2,1,acquired
c:53946,T-Networks,Other,40.602206,-75.471279,2000,5.1644,5.1644,0,1,5750000,0,other,0,0,0,0,1,0,4,1,closed
c:28752,BlueNote Networks,Other,42.645342,-71.234547,2005,0.7342,1.1753,1,2,23400000,1,software,0,0,1,1,0,0,2.5,1,acquired
c:1148,Predictify,CA,37.48657100000001,-122.229161,2007,1.0685,1.0685,4,1,4300000,3,advertising,0,0,1,0,0,0,2,1,closed
c:27142,OptiMedica,CA,37.3777985,-121.9744545,2004,4.2356,9.3616,16,2,51000000,1,biotech,0,0,0,0,1,0,3.5,1,acquired
c:42123,Metatomix,MA,42.241765,-71.166164,2000,3.6877,10.137,2,4,27101994,1,enterprise,1,0,0,1,0,0,4.6667,1,acquired
c:41656,Neterion,CA,37.320309,-122.05004,2001,5.1507,5.1507,6,1,6480000,1,other,0,0,0,0,0,1,3,1,acquired
c:16145,Schooner Information Technology,CA,37.477037,-122.15164,2007,0.4192,2.2329,8,2,35000000,2,enterprise,0,0,1,1,0,0,2.5,1,acquired
c:155821,Nalace Corporation,Other,33.956215,-83.987962,2012,0.2986,0.2986,1,1,19000,1,ecommerce,0,1,0,0,0,0,1,0,closed
c:49052,Quidsi,Other,40.728158,-74.077642,2005,1.6658,5.3014,27,6,78500000,3,ecommerce,0,0,1,1,1,1,3.4,1,acquired
c:167795,spotdock,NY,40.730646,-73.986614,2011,0.1534,0.1534,4,1,600000,0,web,0,1,0,0,0,0,2,0,closed
c:34152,Netcordia,Other,38.97864000000001,-76.492786,2000,5.4932,6.5836,3,2,13000000,1,other,0,0,1,1,0,0,1.5,1,acquired
c:3027,SearchMe,CA,37.386665,-122.084171,2005,0,2.8356,7,5,43600000,3,other,0,0,1,1,1,1,3,1,closed
c:10176,Yammer,CA,37.776246,-122.4179223,2008,0.3589,3.4712,38,5,142000000,3,enterprise,0,0,1,1,1,1,5.2,1,acquired
c:50076,Clever Sense,CA,37.406914,-122.09037,2008,2.1836,3.3068,6,2,2000000,2,web,1,0,1,0,0,0,1.5,1,acquired
c:26122,AlterPoint,TX,30.354768,-97.798152,2001,2,4.0466,4,3,26800000,1,software,0,0,1,1,1,0,3,1,acquired
c:17501,Shocking Technologies,CA,37.261986,-121.784279,2006,1.2904,6.389,2,6,55900000,1,other,1,0,1,1,1,0,3.2,1,closed
c:1613,Ribbit,CA,37.386665,-122.084171,2005,1.6027,2.8137,14,2,11000000,3,mobile,0,0,1,1,0,0,2,1,acquired
c:41484,StorSimple,CA,37.386778,-121.966277,2009,0.4137,2.474,19,3,31500000,1,enterprise,0,0,1,1,1,0,3.3333,1,acquired
c:24986,Sadra Medical,CA,37.2615879,-121.9578487,2003,1.4603,6.3918,4,3,58000000,1,biotech,0,0,1,1,1,0,5,1,acquired
c:14593,expressor software,MA,42.48510200000001,-71.211568,2007,0.4959,4.9671,10,4,29050000,2,software,1,0,0,1,0,0,2.6667,1,acquired
c:138030,NSFW Corporation,Other,36.170538,-115.101942,2011,0.7589,2.4521,3,2,250000,2,other,0,1,0,0,0,0,1.5,1,acquired
c:45339,Azaire Networks,CA,37.386778,-121.966277,2003,3.6493,3.6493,2,1,21000000,0,software,0,0,0,0,1,0,4,1,closed
c:1214,Quigo,NY,40.907974,-73.84179,2000,4.1671,7.4356,25,2,35000000,0,advertising,1,0,1,0,0,0,3.5,1,acquired
c:47848,Navini Networks,TX,32.997114,-96.676137,2000,5.611,6.474,3,2,30920000,1,other,1,0,0,0,0,0,3.5,1,acquired
c:5347,VirtualLogix,CA,37.409147,-122.015463,2002,2,8.0356,9,4,29288979,1,software,1,0,1,1,1,0,2.6667,1,acquired
c:14993,Exit41,MA,42.6555302,-71.1455618,1999,8.0986,12.3671,11,4,24200000,2,software,1,0,1,0,1,0,2.3333,1,closed
c:1223,SezWho,CA,37.351894,-122.085807,2006,1,1,4,1,1000000,3,web,0,0,1,0,0,0,1,0,acquired
c:55421,Jobs2Web,Other,44.912723,-93.499059,2003,1,3.0575,3,2,5550000,1,web,0,1,1,0,0,0,1,1,acquired
c:1283,MerchantCircle,CA,37.391642,-122.093935,2005,0.6767,1.9178,13,2,14300000,3,web,0,0,1,1,0,0,4.5,1,acquired
c:49621,Helicomm,CA,32.901049,-117.192656,2002,4.2192,4.2192,0,1,1000000,0,other,1,0,0,0,0,0,2,0,closed
c:15122,Kace networks,CA,37.417002,-122.07871,2003,2.5644,3.389,7,2,11000000,1,software,1,0,0,1,0,0,1.5,1,acquired
c:38019,Thwapr,NY,40.730646,-73.986614,2007,2.0027,3.0027,7,2,2000000,3,other,1,1,0,0,0,0,3,0,closed
c:4961,Zinch,CA,40.234451,-111.658656,2007,0.8301,2.7178,17,2,5000000,2,web,1,1,0,0,0,0,1,1,acquired
c:41483,Cloud.com,CA,37.320309,-122.05004,2008,2.0027,2.0027,12,1,11000000,2,enterprise,0,0,0,1,0,0,3,1,acquired
c:12348,"Wildfire, a division of Google",CA,37.445667,-122.166911,2008,0.4192,3.4192,19,4,14100000,4,enterprise,0,1,1,1,0,0,2.25,1,acquired
c:3202,Authenticlick,CA,34.062504,-118.354605,2005,0.4932,0.4932,8,1,5000000,1,other,0,0,1,0,0,0,1,0,closed
c:32023,BioSeek,CA,37.658313,-122.391032,2000,7.3945,7.3945,4,1,10000000,1,biotech,0,0,0,0,1,0,1,0,acquired
c:1445,xkoto,MA,42.405685,-71.255857,2005,0.8329,4.0712,3,3,11035000,1,software,1,0,0,1,1,0,1.6667,1,closed
c:53686,Coradiant,MA,42.4717204,-71.2621435,2000,5.6438,5.6438,9,1,12700000,2,other,0,0,0,0,0,1,4,1,acquired
c:50208,QuantaLife,CA,39.78373,-100.445882,2008,2.9507,3.5562,3,2,20757182,1,biotech,0,0,0,1,0,0,1,1,acquired
c:16874,BroadLight,CA,37.404044,-121.978956,2000,5.4658,7.2822,5,3,27000000,1,software,0,0,0,0,0,1,6,1,acquired
c:643,BBE,NY,40.7445343,-73.9874008,2004,3.7534,3.7534,7,1,10000000,3,advertising,0,0,1,0,0,0,1,0,acquired
c:53471,TelASIC Communications,CA,33.923916,-118.39665,2001,4.2219,4.2219,4,1,26000000,0,other,0,0,0,0,0,1,4,1,closed
c:37780,LegiTime Technologies,Other,44.671539,-70.144101,2005,2.1616,4.9562,2,2,4000000,0,other,0,0,1,0,0,0,2,1,closed
c:2804,Boonty,NY,40.717248,-74.002662,2001,4.3534,4.3534,7,1,10000000,3,games_video,0,0,0,1,0,0,4,1,acquired
c:11397,B-Side Entertainment,NY,40.7434025,-73.9890857,2005,1.5123,3.6082,8,2,7350000,3,games_video,0,0,1,1,0,0,4.5,1,closed
c:41409,Taggstr,CA,37.288136,-121.79765,2009,0.7671,0.7671,1,1,50000,1,other,0,1,0,0,0,0,1,0,closed
c:55436,Fashism,NY,40.7394115,-73.9895748,2009,1.8822,1.8822,5,1,1000000,3,other,0,0,1,0,0,0,7,1,closed
c:12630,Goodmail Systems,CA,37.39972,-122.108306,2003,2.7945,6.0356,16,4,45000000,2,other,0,0,1,1,1,0,2,1,closed
c:365,Nirvanix,CA,32.877656,-117.210595,2007,0.2164,4.8438,22,5,70000000,5,enterprise,1,0,1,1,1,0,4.2,1,closed
c:20832,LookStat,Other,47.6447802,-122.325878,2008,1.3096,1.3096,3,1,500000,2,ecommerce,0,0,1,0,0,0,1,1,closed
c:39399,Sweepery,CA,37.779281,-122.419236,2008,0.0849,1.3342,6,2,500000,0,software,0,0,0,0,0,0,1,1,closed
c:17809,Luminary Micro,TX,30.306591,-97.826727,2004,1.0877,3.6438,2,3,44000000,1,other,0,0,1,1,1,0,4,1,acquired
c:23788,ZettaCore,Other,39.5604863,-104.8656251,1999,10.3644,10.3644,4,1,21000000,1,other,1,0,0,0,0,0,5,1,closed
c:30834,Clicker,CA,34.083228000000005,-118.341449,2009,0.7041,1.1315,12,2,19000000,2,games_video,0,0,1,1,0,0,3.5,1,acquired
c:39105,iKoa,CA,39.78373,-100.445882,2006,1.4247,4.5397,0,3,18700000,0,other,1,0,1,0,0,0,2,1,closed
c:49960,SocialShield,CA,37.626166,-122.411025,2009,1.0932,1.0932,6,1,10000000,2,software,0,0,1,0,0,0,7,1,acquired
c:9106,LeisureLogix,Other,28.032975,-82.64611,2006,0.4192,0.4192,5,3,5900000,0,software,0,1,0,0,0,0,1,0,closed
c:17581,Storwize,MA,37.237937,-121.974591,2004,3.4301,4.2548,13,2,28000000,2,other,0,0,0,1,1,0,2,1,acquired
c:14028,AutoVirt,Other,42.7370219,-71.4872976,2007,0,4.3945,5,7,24300000,2,software,1,1,1,1,0,0,2,1,closed
c:1309,Loopt,CA,37.384717,-122.081625,2005,0.4137,5.337,21,4,32006000,3,mobile,0,1,1,1,1,0,1.6667,1,acquired
c:28420,Blue Lane Technologies,CA,37.3169065,-122.0497023,2002,3.0877,3.0877,4,1,13400000,1,other,0,0,0,1,0,0,2,1,acquired
c:6562,Socialcast,CA,37.78192670000001,-122.3932389,2005,3.8493,4.8329,18,3,9400000,3,enterprise,0,1,1,1,0,0,1.5,1,acquired
c:4394,Collective Intellect,Other,40.0186313,-105.2764361,2005,1.0849,7.937,10,6,15324624,3,enterprise,1,1,1,1,0,0,2.5,1,acquired
c:52346,Wavii,Other,47.603832,-122.330062,2009,1.3342,1.3342,3,1,2000000,2,web,0,0,0,0,0,0,11,1,acquired
c:200,Seesmic,CA,37.775196,-122.419204,2007,0.4192,3.674,24,3,16000000,4,web,0,0,1,1,1,0,5.6667,1,acquired
c:36892,Apnex Medical,Other,44.950404,-93.101503,2006,3.9205,6.7342,3,3,44000000,0,other,1,0,0,1,1,0,2.3333,1,closed
c:139729,MobileReactor,Other,39.952399,-75.16359,2010,1.811,2.4548,2,2,1175000,1,software,1,0,0,0,0,0,1,0,closed
c:17724,Echopass Corporation,CA,37.661002,-121.897829,2000,6.8329,10.2712,22,2,9000000,1,other,0,0,0,0,0,0,4,1,acquired
c:16285,ID Analytics,CA,32.7154,-117.1565,2002,0.3288,5.3726,9,3,35150000,1,web,0,0,1,1,1,0,3,1,acquired
c:43954,Vela Systems,MA,42.504817,-71.195611,2005,1.3288,5.6712,4,3,12000000,2,software,1,0,1,1,0,0,2.6667,1,acquired
c:27555,FlowCardia,CA,37.396023,-122.03311,2002,5.663,5.663,4,1,30000000,1,biotech,0,0,0,0,1,0,9,1,acquired
c:18804,Bizanga,CA,37.537542,-122.327609,2003,6.1342,6.1342,5,1,8000000,1,other,0,0,0,1,0,0,2,1,acquired
c:14787,Transpond,CA,37.782978,-122.394517,2007,2.0959,2.0959,6,1,4100000,3,advertising,0,0,1,0,0,0,2,1,acquired
c:81474,Caterva,Other,40.116421,-88.243383,2008,1.9562,3.5123,1,2,2408500,1,other,0,1,0,0,0,0,3,1,closed
c:34401,Innovative Silicon,CA,37.386778,-121.966277,2002,2.1644,5.8493,3,4,72000000,1,other,0,0,1,1,1,0,2.25,1,closed
c:37934,Kardia Health Systems,Other,44.96659,-93.331943,2006,1,2,2,2,18400000,1,enterprise,1,0,0,0,0,0,1,0,closed
c:25383,Biolex Therapeutics,Other,35.72591770000001,-79.1791771,1997,8.0219,14.9726,4,7,162264126,1,biotech,1,0,0,1,1,1,6.75,1,closed
c:49872,Foldrx Pharmaceuticals,MA,42.3751,-71.105616,2003,7.4575,7.4575,7,1,29000000,1,biotech,1,0,0,0,0,0,7,1,acquired
c:58560,Klir Technologies,Other,47.603832,-122.330062,2000,5.4247,5.4247,0,1,8700000,0,other,0,0,1,0,0,0,2,1,closed
c:7666,MetaCarta,MA,42.36236,-71.099692,2001,4.6877,4.6877,12,1,10000000,2,mobile,0,0,0,0,1,0,7,1,acquired
c:19670,Viridity Software,MA,42.4871509,-71.1986329,2008,0.9178,2.6329,5,2,15000000,2,software,0,0,1,1,0,0,2,1,acquired
c:35148,Devtap,CA,39.78373,-100.445882,2008,0.6685,0.6685,2,1,2600000,1,other,0,0,0,0,0,0,1,0,closed
c:142,Bebo,CA,37.782103,-122.401116,2005,1.3151,1.3151,30,1,15000000,3,web,0,0,1,0,0,0,1,1,acquired
c:101312,SideTour,NY,40.745064,-73.992637,2011,0.0822,1.8164,7,3,4000000,2,web,0,1,1,0,0,0,2,1,acquired
c:46168,SARcode Bioscience,CA,37.680766,-122.399971,2006,0.9151,5.5452,9,2,73000000,1,biotech,1,0,0,1,0,0,3,1,acquired
c:78868,Lore,NY,40.730646,-73.986614,2011,0.3233,1.0986,5,4,12123837,3,other,0,1,1,0,0,0,4.6667,1,acquired
c:1236,Pelago,Other,47.60706500000001,-122.335373,2005,0.9178,2.4877,18,3,22400000,3,mobile,1,0,1,1,0,0,3.3333,1,acquired
c:33949,Desk,CA,37.779281,-122.419236,2009,1.2849,2.0082,12,2,5700000,3,enterprise,0,0,1,1,0,0,4,1,acquired
c:35433,Trinity Biosystems,CA,39.78373,-100.445882,2002,4.5452,7.8603,2,2,28500000,0,biotech,1,0,0,1,0,0,4.5,1,closed
c:17774,Virtual Computer,MA,42.579258,-71.437841,2007,0.9151,2.0712,9,2,21000000,1,software,0,0,1,1,0,0,2.5,1,acquired
c:44064,Oasys Mobile,Other,35.780398,-78.639099,1984,21.8959,21.8959,1,1,8000000,1,software,1,0,0,0,0,0,2,0,closed
c:6171,Gamook,CA,37.41924,-122.208414,2008,0.2055,0.2055,1,1,1500000,1,games_video,0,0,1,0,0,0,1,1,closed
c:637,Quattro Wireless,MA,42.3729,-71.248472,2006,0.5808,2.4603,17,3,28300000,4,advertising,0,0,1,1,1,0,1.6667,1,acquired
c:30343,ShopWell,CA,37.441537,-122.158332,2008,2.1452,4.9726,4,5,7939553,2,web,1,0,0,1,0,0,2,1,acquired
c:36276,NewsBasis,CA,37.779281,-122.419236,2009,0.8329,0.8329,3,1,545000,0,other,0,1,0,0,0,0,2,1,closed
c:36310,Nexx Systems,MA,42.558426,-71.268947,2001,4.7452,8.9562,10,3,15247925,1,other,0,0,0,0,1,1,1.5,1,acquired
c:835,5min Media,NY,40.757929,-73.985506,2007,0.2466,2.5589,11,3,12800000,2,games_video,0,1,1,1,0,0,1.5,1,acquired
c:46863,MyCabbage,Other,41.875555,-87.624421,2010,1.063,2.4822,1,2,950000,2,mobile,1,0,1,0,0,0,3,1,closed
c:179,Gotuit,MA,42.479262,-71.152277,2000,2.9178,4.9205,6,2,16000000,5,web,0,0,1,1,0,0,1,1,acquired
c:16784,TeleCIS Wireless,CA,37.288326,-121.945633,2000,6.0055,6.0055,2,1,10000000,1,other,0,0,0,0,1,0,1,1,acquired
c:72750,Snapette,NY,40.730646,-73.986614,2011,0.7781,0.7781,5,1,1500000,3,other,0,0,0,0,0,0,1,0,acquired
c:40152,EmSense,CA,37.779281,-122.419236,2004,5.8438,6.9452,6,2,13000000,2,other,1,0,0,0,1,0,2,1,closed
c:54077,MakerBot,NY,40.650104,-73.949582,2009,2.6411,2.6411,6,1,10000000,2,other,1,0,0,0,0,0,6,1,acquired
c:10452,Image Space Media,NY,42.712207,-73.203599,2008,2.0521,2.9973,9,2,3915000,2,advertising,1,0,1,0,0,0,3,1,acquired
c:55427,Wanderfly,NY,40.650104,-73.949582,2009,0,1.5041,7,2,1400000,2,other,0,1,1,0,0,0,6,1,acquired
c:195311,walkby,Other,41.8969173,-87.6435474,2012,0,0.6904,6,2,650000,2,ecommerce,1,1,0,0,0,0,1,1,closed
c:2497,FameCast,TX,30.268735,-97.745209,2007,0.4137,3.2438,5,3,9700000,4,games_video,1,0,1,0,0,0,1,1,closed
c:13465,Cassatt,CA,37.336191,-121.890583,2003,3.1644,3.1644,6,1,15000000,1,software,0,0,0,0,0,1,3,1,acquired
c:17983,VirtuOz,CA,37.782714,-122.39358,2002,3.7753,10.2548,18,4,38764000,3,enterprise,1,0,1,1,0,0,2,1,acquired
c:12099,SolFocus,CA,37.39873720000001,-122.0497918,2005,0.3288,6.4192,6,8,211403000,2,other,1,0,1,1,1,0,2.7143,1,closed
c:51239,Nimbula,CA,37.3965713,-122.0836937,2008,2.4767,2.6438,8,2,20750000,3,enterprise,0,0,1,1,0,0,2,1,acquired
c:74743,Giftiki,CA,37.779281,-122.419236,2009,1.2493,1.8849,4,2,1020000,2,other,0,1,1,0,0,0,2.5,1,acquired
c:36192,Storspeed,TX,30.271129,-97.743699,2007,0.4301,0.4301,6,1,13000000,1,software,0,0,1,0,0,0,4,1,closed
c:20313,SpaBooker,NY,40.738567,-73.987199,2007,0.1671,3.9178,8,2,14700000,2,software,0,1,1,0,0,0,4,1,acquired
c:60,Jajah,CA,37.4233896,-122.0899512,2005,1.1616,4.1644,19,4,33000000,4,mobile,0,0,1,1,1,1,1.3333,1,acquired
c:50092,Baxano,CA,37.404788,-121.940842,2005,5.4767,5.4767,5,1,30000000,0,other,0,0,0,0,1,0,6,1,acquired
c:1637,RipCode,TX,32.959908,-96.70737,2006,0.2384,3.7644,10,4,33000000,3,software,0,0,1,1,1,0,4,1,closed
c:56478,RippleFunction,MA,42.37564,-71.2358,2010,0.1671,0.1671,3,1,20000,1,advertising,0,1,0,0,0,0,1,0,closed
c:131583,CV Ingenuity,CA,37.54827,-121.988572,2008,3.7589,5.0685,2,3,30926154,0,other,0,0,0,1,0,0,3,1,closed
c:146596,AdexLink,CA,37.288326,-121.945633,2010,0.8164,0.8164,0,1,2000000,0,advertising,0,0,0,0,0,0,1,0,closed
c:42163,Certeon,MA,42.504817,-71.195611,2003,4.5397,9.337,2,2,19000000,1,software,1,0,0,1,0,0,3.5,1,closed
c:16111,Applied Identity,CA,37.779281,-122.419236,2002,3.0356,6.7534,2,3,33000000,1,advertising,0,0,1,1,1,0,4,1,closed
c:24274,Prenova,Other,33.982966999999995,-84.346041,2002,4.3562,6.3151,1,3,15650000,1,other,1,0,0,0,0,0,1.3333,1,acquired
c:763,WooMe,CA,37.779281,-122.419236,2000,6.3342,7.5342,8,3,17400000,3,web,0,0,1,1,0,0,2.3333,1,acquired
c:43480,Mail.com Media Corporation,CA,34.054935,-118.244476,2004,4.8082,4.8082,4,1,35000000,2,web,0,0,0,0,0,1,3,1,closed
c:12224,DubMeNow,Other,38.916336,-77.230488,2008,0.5836,4.4301,5,4,7516703,3,mobile,1,1,0,0,0,0,1,0,closed
c:54488,Smooth-Stone,TX,30.409765000000004,-97.75101,2008,2.6247,2.6247,1,1,48000000,3,other,1,0,0,0,0,0,5,1,closed
c:16181,ONStor,CA,37.2690782,-121.9559995,2000,5.4219,8.3014,6,3,65800000,1,other,1,0,0,0,0,1,4.6667,1,acquired
c:173118,Relationship Analytics,Other,40.477604,-74.626824,2012,0.6767,0.789,2,2,125000,1,other,0,1,0,0,0,0,1,0,closed
c:78759,JouleX,Other,33.749099,-84.390185,2009,2.4384,2.4384,10,1,17000000,2,enterprise,1,0,0,0,0,0,5,1,acquired
c:3562,Etelos,CA,37.54841500000001,-122.315636,1999,10.4247,13.0877,4,3,4087500,3,enterprise,1,1,0,0,0,0,1,0,closed
c:38655,Make It Work,CA,34.491118,-119.808096,1995,10.8795,10.8795,3,1,1000000,1,other,0,0,1,0,0,0,2,1,closed
c:2178,What They Like,CA,37.7776778,-122.3921102,2007,0,0,2,1,990000,0,web,0,0,1,0,0,0,2,0,closed
c:10864,FetchBack,Other,33.426418,-111.9396,2007,0.7534,0.7534,13,1,1000000,2,advertising,0,0,1,0,0,0,3,1,acquired
c:934,Sermo,MA,42.364367,-71.078978,2006,0.6658,5.1315,15,4,41000000,2,other,1,0,1,1,1,0,1.75,1,acquired
c:23251,Wi-Chi,Other,45.3774456,-122.7569561,2008,0.3699,0.3699,3,1,7000000,0,other,0,0,1,0,0,0,1,1,closed
c:25600,Alnara Pharmaceuticals,MA,42.3624253,-71.116031,2008,0.8301,2.0767,4,2,55000000,1,biotech,0,0,1,1,0,0,2,1,acquired
c:46943,Braintree,CA,37.78505300000001,-122.287295,2007,3.7452,4.9671,10,2,69000000,2,software,0,0,1,1,0,0,3.5,1,acquired
c:15829,Virident Systems,CA,37.421692,-121.894156,2006,1.3288,7.0795,25,8,129677153,3,enterprise,1,0,1,1,1,1,3,1,acquired
c:25737,Pearl Therapeutics,CA,37.502169,-122.217727,2006,2.5041,7.2521,4,6,232000100,0,biotech,0,0,1,0,1,1,3.6667,1,acquired
c:28483,Lexity,CA,37.388869,-122.072353,2009,0.0849,1.5863,5,2,5700000,3,enterprise,0,1,1,0,0,0,4,1,acquired
c:21040,Diligent Technologies,MA,42.276316,-71.419229,2002,5.6384,5.6384,3,1,10500000,1,other,0,0,0,0,0,1,4,1,acquired
c:15458,eBillme,NY,41.019264,-73.683462,2004,1.9699,3.9205,2,2,23000000,0,ecommerce,1,0,0,0,0,0,3,1,closed
c:1590,Smilebox,Other,47.676378,-122.122155,2000,5.4329,9.4959,13,3,14000000,0,other,0,0,1,1,0,0,3,1,acquired
c:5988,B-hive Networks,CA,37.536402,-122.325129,2005,1.6466,1.6466,4,2,7500000,0,software,0,1,1,0,0,0,2,1,acquired
c:34549,Hot Potato,NY,40.650104,-73.949582,2009,0.8986,0.8986,12,1,1420000,3,other,0,0,1,0,0,0,16,1,acquired
c:29605,Three Screen Games,Other,40.245664,-74.845997,2009,0.7644,0.7644,3,1,500000,0,games_video,1,0,0,0,0,0,1,1,closed
c:148139,LaunchGram,CA,37.388869,-122.072353,2012,0.0356,0.726,4,2,70000,2,other,0,1,0,0,0,0,1,1,acquired
c:904,BrightQube,CA,33.09568,-117.244034,2006,0.5808,1.6548,3,2,850000,0,ecommerce,0,1,1,0,0,0,1,1,closed
c:64694,ServiceMesh,CA,34.019657,-118.487549,2008,3.8767,3.8767,9,1,15000000,2,enterprise,1,0,0,0,0,0,1,1,acquired
c:1923,Lookery,CA,37.788266,-122.403865,2007,0.5205,1.0959,12,2,3150000,2,web,0,1,1,0,0,0,11.5,1,acquired
c:152560,Wantful,CA,37.779281,-122.419236,2011,1.2164,1.2164,6,1,5500000,2,ecommerce,0,0,1,0,0,0,8,1,closed
c:71639,Zep Solar,CA,38.021489,-122.519998,2009,4.8877,4.8877,8,1,10571182,1,other,0,0,1,0,0,0,1,0,acquired
c:65601,Help Me Rent Magazine,CA,34.102827000000005,-118.32999,2010,0.5808,0.5808,13,1,500000,0,other,0,1,0,0,0,0,1,0,closed
c:2351,MOG,CA,37.872222,-122.268403,2005,0.9233,4.7425,12,7,24900000,3,other,1,1,1,0,0,0,3,1,acquired
c:6854,Loud3r,CA,34.147645000000004,-118.144478,2007,1.7616,2.326,12,2,3529175,3,web,1,0,1,0,0,0,1,0,closed
c:25306,Oyster.com,NY,40.74188770000001,-74.0047466,2008,0,4.6164,15,4,23400000,3,other,0,0,1,1,1,0,2.25,1,acquired
c:10915,LogLogic,CA,37.4155698,-121.9486567,2002,7.4027,7.4027,15,1,8800000,3,other,0,0,0,0,0,1,5,1,acquired
c:70661,StyleTrek,NY,40.728425,-73.999882,2010,0,0,2,1,1500000,1,other,0,0,0,0,0,0,6,1,closed
c:9668,Sequoia Communications,CA,32.988246999999994,-117.080769,2000,4.8603,9.4247,3,7,74000000,0,other,1,0,0,0,1,1,2,1,closed
c:2434,SnapNames,Other,45.520247,-122.674195,2000,1.4164,2,3,3,8800000,2,other,0,0,1,1,0,0,1,0,acquired
c:522,Simple Star,CA,37.77522800000001,-122.39963,2001,2.5808,4.6082,3,2,7100000,3,web,0,1,1,0,0,0,1.5,1,acquired
c:1165,StyleFeeder,MA,42.3751,-71.105616,2006,1.3315,2.9973,8,3,3500000,6,ecommerce,1,1,1,0,0,0,1.6667,1,acquired
c:80433,FlashSoft,CA,37.36883,-122.03635,2009,1.589,1.589,6,1,3000000,2,software,0,0,1,0,0,0,2,1,acquired
c:79456,TrustDegrees,NY,42.961748,-78.870914,2011,0.1288,0.274,5,2,11000,1,web,0,1,0,0,0,0,1,0,closed
c:17282,Symwave,CA,33.55327800000001,-117.6779,2001,6.5452,8.6,4,3,26200000,1,other,1,0,0,0,1,0,2.5,1,acquired
c:3610,Clearwell Systems,CA,37.398022,-122.049143,2004,1.326,2.7096,6,2,29000000,3,software,0,0,0,1,1,0,2.5,1,acquired
c:30667,Impeva,CA,37.400945,-122.111318,2004,4.8438,4.8438,2,1,10000000,0,software,0,0,0,1,0,0,2,0,closed
c:59054,Nettle,CA,32.833501,-117.26162,2010,0.8521,0.8521,3,1,500000,3,web,0,1,0,0,0,0,3,1,closed
c:22721,CubeTree,CA,37.487259,-122.232217,2008,0.0849,1.8384,3,3,11500000,3,enterprise,0,1,1,1,0,0,1.5,1,acquired
c:22168,Infochimps,TX,30.2734822,-97.7588828,2009,1.1699,3.8932,8,5,5350000,3,enterprise,0,1,1,0,0,0,3,1,acquired
c:1205,Songbird,CA,37.787126,-122.39783,2006,0.6658,3.989,27,3,11015719,4,mobile,1,0,1,0,0,0,2,1,closed
c:23139,SimpleGeo,CA,37.779281,-122.419236,2009,0.5288,1.0466,30,3,9807367,3,advertising,0,1,1,0,0,0,8.6667,1,acquired
c:23107,SensorLogic,TX,32.958634,-96.823641,2002,5.4658,8.9534,4,3,19000000,2,enterprise,1,0,0,1,1,0,5.3333,1,acquired
c:50162,TouristEye,CA,37.388869,-122.072353,2010,0,2.7644,4,3,475000,1,other,0,1,0,0,0,0,4,0,acquired
c:15470,Oberon Media,NY,40.730646,-73.986614,2003,5.7671,7.863,16,2,36000000,1,games_video,1,0,0,1,0,0,1,1,acquired
c:58237,Arroyo Video Solutions,CA,37.662431,-121.874679,2002,3.1671,3.1671,4,1,12000000,0,games_video,0,0,0,0,1,0,5,1,acquired
c:25001,Aragon Pharmaceuticals,CA,39.78373,-100.445882,2009,0.4,3.7589,15,4,122000000,1,biotech,0,0,1,1,1,1,2.5,1,acquired
c:163104,#waywire,NY,40.730646,-73.986614,2012,0.0795,0.0795,8,1,1750000,2,other,0,0,0,0,0,0,5,1,acquired
c:37173,Five Star Technologies,Other,41.505161,-81.693445,1999,7.9178,10.9041,4,3,13222860,0,other,1,0,0,0,0,0,3,1,closed
c:12179,Vontoo,Other,39.914281,-86.076478,2005,4.1315,6.1507,10,2,2192000,3,other,1,0,0,1,0,0,3,0,closed
c:42501,Allurent,MA,42.3751,-71.105616,2005,5.1452,5.1452,4,1,2000000,1,web,1,0,0,0,0,0,1,1,acquired
c:15017,Quantivo,CA,37.5455355,-122.3208802,2005,3.0219,4.9589,11,2,9400000,2,other,0,0,1,0,0,0,2,1,acquired
c:17320,Crossing Automation,CA,37.431091,-122.099263,2003,5.3452,7.2274,2,4,13045000,0,other,0,0,1,1,0,0,2,1,acquired
c:1716,Scrapblog,CA,25.752358,-80.25468,2006,0.1753,4.0986,8,4,10000000,3,web,0,0,1,1,1,0,1.25,1,acquired
c:6356,Yield Software,CA,37.558245,-122.302654,2007,1.4247,1.4247,7,1,6000000,1,advertising,0,0,0,1,0,0,2,1,acquired
c:7163,FlyCast,Other,40.03935300000001,-76.307448,2006,2,3.5562,3,2,2100000,1,mobile,1,1,0,0,0,0,2,0,closed
c:46835,Off & Away,Other,39.78373,-100.445882,2009,0.4192,0.8877,3,2,3250000,3,other,1,0,1,0,0,0,1,1,acquired
c:18027,CypherMax,CA,37.3969138,-121.8939054,2000,6.5726,7.1562,1,3,148000000,0,other,1,0,0,1,0,0,3.5,1,closed
c:17634,Nexsan,CA,34.185043,-118.878852,2000,3.9178,9.3014,10,2,24500000,1,other,1,0,1,0,0,0,2,1,acquired
c:42610,Qlusters,CA,37.416597,-122.154064,2001,6.6027,6.6027,3,1,10360000,1,other,0,0,0,0,1,0,5,1,closed
c:10137,Producteev,NY,40.775309,-73.983656,2008,0.0192,1.5699,12,3,1310000,2,software,0,1,0,0,0,0,6,1,acquired
c:29387,Amalfi Semiconductor,CA,37.229676,-121.971225,2003,3.0877,9.3178,5,3,64000000,2,other,1,0,0,1,1,0,3.3333,1,acquired
c:58696,Dormzy,Other,39.96226,-83.000706,2010,0,0,2,1,250000,1,ecommerce,0,1,0,0,0,0,1,0,closed
c:55307,AppFog,Other,39.78373,-100.445882,2010,0.4192,1.0247,10,2,9800000,4,enterprise,0,0,1,1,0,0,4.5,1,acquired
c:2033,HotPads,CA,38.904549,-77.061767,2005,1.8247,1.8247,15,1,2300000,3,web,0,0,1,0,0,0,1,0,acquired
c:454,DanceJam,CA,37.781557,-122.407959,2007,0.0822,0.8384,4,2,4500000,5,games_video,0,1,0,1,0,0,5.5,1,closed
c:11531,Right90,CA,37.571318,-122.267962,2003,2.1616,5.7315,5,3,22000000,1,software,0,0,1,1,1,0,2.6667,1,acquired
c:741,SocialMedia.com,CA,37.775196,-122.419204,2007,0.6658,2.0795,23,3,10000000,3,advertising,0,1,1,1,0,0,2.6667,1,acquired
c:37826,BuyWithMe,NY,40.730646,-73.986614,2009,0.8904,2.2521,21,4,36500000,3,ecommerce,0,0,1,1,1,0,1.5,1,acquired
c:7299,Photobucket,Other,47.601803,-122.332085,2003,1.7507,9.9589,35,7,33672656,3,web,1,0,1,1,0,0,2,1,acquired
c:35579,XtremIO,CA,37.320309,-122.05004,2009,0.8603,2.926,4,3,19000000,1,enterprise,0,0,1,1,0,0,2,1,acquired
c:21654,Level 5 Networks,CA,37.36883,-122.03635,2002,3.4685,3.4685,3,1,30000000,1,other,0,0,0,1,0,0,4,1,acquired
c:57338,Votizen,CA,37.388869,-122.072353,2009,1.5151,2.937,6,2,2250000,2,web,1,0,0,0,0,0,8.5,1,acquired
c:16613,Siimpel Corporation,CA,34.1086325,-118.0215818,2000,5.8658,9.9644,7,6,53818873,1,other,1,0,0,0,1,0,4.25,1,acquired
c:334,TalkPlus,CA,37.553743,-122.300246,2004,2.6658,2.6658,6,1,5500000,0,web,0,0,1,0,0,0,1,1,closed
c:1389,NebuAd,CA,39.78373,-100.445882,2006,1.4959,1.6658,2,2,30150000,3,advertising,0,0,1,1,0,0,1.5,1,closed
c:31614,Tercica,CA,37.674559,-122.385658,2002,3.7863,5.5123,11,2,83000000,0,biotech,1,0,0,0,0,0,1,0,acquired
c:15709,Robotgalaxy,NY,40.737216,-73.990947,2006,1,2.7096,1,2,12000000,0,games_video,0,0,1,1,0,0,1,0,closed
c:63053,PasswordBank,CA,37.36883,-122.03635,2008,0.1644,1.4986,6,2,3500000,2,software,0,1,1,0,0,0,1,0,acquired
c:668,SnapTell,CA,37.433414,-122.128772,2006,1.4301,1.4301,5,1,4000000,3,software,0,0,1,0,0,0,4,1,acquired
c:79149,Gigi Hill,CA,33.87751,-117.727046,2009,2.4521,3.6027,9,2,4000000,0,other,0,0,1,0,0,0,1,1,closed
c:17070,CloudShield Technologies,CA,37.409618,-122.017792,2000,5.8274,7.7151,11,2,25000000,1,software,1,0,0,0,0,0,4.5,1,acquired
c:7329,Instinctiv,NY,40.73901,-73.997259,2007,0.8356,3.7616,5,3,1420698,1,mobile,1,1,0,0,0,0,2,1,acquired
c:32475,Waze,CA,37.441537,-122.158332,2007,1.1644,4.7973,18,3,67000000,5,other,0,0,1,1,1,0,2.6667,1,acquired
c:5585,Aster Data Systems,CA,37.5068854,-122.2475729,2005,0.337,5.2301,13,4,53000000,3,other,0,1,1,1,1,0,4.5,1,acquired
c:59298,Diversion,CA,34.050451,-118.437775,2010,0.4658,1.2247,5,2,300000,2,games_video,0,1,0,1,0,0,2,1,closed
c:19725,Codesion,CA,37.441537,-122.158332,2002,5.6685,8.5014,4,3,1400000,2,software,0,1,0,0,0,0,1,0,acquired
c:3770,Xoopit,CA,37.76179550000001,-122.4092704,2004,2.9178,4.2548,4,2,6500000,3,web,0,0,1,0,0,0,7,1,acquired
c:13127,One Block Off the Grid (1BOG),CA,37.79287100000001,-122.400747,2008,1.2795,1.2795,8,1,5000000,3,other,0,0,1,0,0,0,1,1,acquired
c:59187,Appature,Other,39.78373,-100.445882,2007,2.9342,5.5342,6,2,9600000,2,enterprise,0,0,1,0,0,0,3,1,acquired
c:253,Action Engine,Other,47.631239,-122.16806,2000,0.2466,7.4164,9,5,58200000,3,mobile,0,0,1,1,1,1,1.4,1,acquired
c:1350,Blackwave,MA,42.49739,-71.416794,2006,0.9151,3.7479,14,3,28000000,2,other,0,0,1,1,1,0,2.6667,1,acquired
c:26240,SoftLayer,TX,33.017317,-96.837682,2005,4.7479,5.2301,10,2,30000000,3,other,1,0,0,0,0,0,1,0,acquired
c:3487,Mytopia,CA,34.007967,-118.489681,2007,1,2.1644,10,2,3500000,2,games_video,0,1,1,0,0,0,2,0,acquired
c:42062,Andigilog,Other,33.414414,-111.909447,1996,11.1452,11.1452,0,1,18000000,0,other,0,0,0,1,0,0,7,1,closed
c:51890,BARRX Medical,CA,37.36883,-122.03635,2003,7.537,7.537,6,1,15000000,1,other,0,0,0,0,0,1,6,1,acquired
c:17481,Power Analog Microelectronics,CA,37.3767076,-121.997483,2004,3.9178,3.9178,2,2,12000000,0,other,0,0,1,1,0,0,4,1,closed
c:148284,Classiphix,Other,41.678675,-83.512728,2009,1.2849,1.2849,1,1,15000,1,ecommerce,0,1,0,0,0,0,1,0,closed
c:38095,StartupDigest,Other,47.603832,-122.330062,2009,1.3096,1.3096,11,1,200000,3,other,1,0,0,0,0,0,1,0,acquired
c:42227,WiLinx,CA,33.158093,-117.350597,2003,4.0274,4.0274,0,1,15000000,0,other,0,0,0,0,1,0,1,0,closed
c:28482,Redwood Systems,CA,37.4815098,-121.9453283,2008,0.7562,4.4137,14,4,34250000,2,other,1,0,1,1,1,0,2.25,1,acquired
c:5801,OtherInbox,TX,30.269004,-97.740395,2008,0,2.7205,4,4,3800000,4,other,0,1,1,0,0,0,4.75,1,acquired
c:17738,M-Factor,CA,37.555962,-122.288006,2003,4.4521,6.1151,3,2,10100000,1,software,1,0,0,0,1,0,3,1,acquired
c:45112,Athena Design Systems,CA,37.354469,-121.990433,2003,4.0795,4.0795,0,1,4000000,0,software,0,0,0,1,0,0,6,1,closed
c:22726,Servo Software,CA,37.552262,-122.292146,2008,1.9562,1.9562,11,1,3011408,3,software,0,0,0,1,0,0,1,1,acquired
c:43458,Levanta,CA,37.551882,-122.313472,1998,9.7315,9.7315,2,1,8000000,1,software,1,0,0,0,0,0,3,1,closed
c:195233,EdgeSpring,CA,37.566009,-122.321646,2010,0,2.8795,15,2,12700000,1,other,0,0,1,0,0,0,1.5,1,acquired
c:6219,DotSpots,CA,33.831671,-118.315766,2007,0,0,5,1,300000,4,other,0,1,0,0,0,0,2,0,closed
c:20672,Republic Project,CA,33.615663399999995,-111.8931647,2008,4.0877,4.0877,13,1,1000000,2,advertising,0,1,0,0,0,0,5,1,acquired
c:14483,Hit Systems,Other,28.66677,-81.392794,2008,0,0,2,1,125000,0,enterprise,0,1,0,0,0,0,1,0,closed
c:44616,Yamisee,Other,39.364504,-84.247556,2010,0.2247,0.9534,2,2,700000,2,web,0,1,0,0,0,0,2.5,0,closed
c:60580,Thinkfuse,Other,47.603832,-122.330062,2010,0.2521,0.6438,6,2,532000,2,enterprise,0,1,0,0,0,0,5,1,acquired
c:1111,EchoSign,CA,37.445326,-122.160671,2005,0.2137,2.2137,8,2,8500000,3,web,0,0,1,1,0,0,1,1,acquired
c:2955,PI Corporation,Other,47.602416,-122.332614,2003,3.5699,3.5699,2,1,9400000,3,other,0,0,0,1,0,0,1,1,acquired
c:703,Daylife,NY,40.643438,-73.886452,2006,1.1671,3.211,16,2,12300000,3,enterprise,0,0,0,1,1,0,1.5,1,acquired
c:38721,Desktone,MA,42.599814,-71.367284,2006,1.5753,5.9589,6,5,25413298,1,other,1,0,1,1,0,0,3,1,acquired
c:79431,Pulse,CA,37.779281,-122.419236,2010,0.4329,1.126,23,2,9800000,2,other,0,1,1,0,0,0,4.5,1,acquired
c:61783,Standing Cloud,Other,40.011355,-105.274166,2009,0,3.4712,4,5,10000003,2,enterprise,1,0,1,1,0,0,1.5,1,acquired
c:37304,HipChat,CA,37.779281,-122.419236,2009,0.9397,0.9397,4,1,100000,2,other,0,1,0,0,0,0,3,1,acquired
c:179507,ScaleIO,CA,37.441537,-122.158332,2011,1.926,1.926,1,1,12000000,2,software,1,0,0,0,0,0,2,1,acquired
c:55122,GroupMe,NY,40.730646,-73.986614,2010,0.3178,0.6795,16,2,11450000,3,other,0,1,0,1,0,0,8.5,1,acquired
c:16134,Kickfire,CA,37.381876,-121.95993,2006,2.5808,2.5808,4,1,20000000,2,software,0,0,0,1,0,0,4,1,closed
c:35511,"LifeSize, a Division of Logitech",TX,30.265927,-97.783642,2003,2.9671,3.7151,16,2,42500000,3,other,0,0,0,0,1,1,5.5,1,acquired
c:30152,CHiL Semiconductor,CA,33.916552,-118.397491,2006,0,2.3479,7,3,22487000,2,other,1,0,0,1,1,0,2.3333,1,acquired
c:25510,Enpirion,Other,40.707045,-74.956003,2001,3.9726,10.2493,8,4,59000000,1,other,0,0,0,1,1,0,6,1,acquired
c:33519,RFinity,Other,43.493525,-112.040092,2008,2.337,2.337,5,1,4000000,4,mobile,0,0,1,0,0,0,1,1,closed
c:42223,ecoATM,CA,32.901049,-117.192656,2008,1.5452,4.5178,6,4,71400000,3,other,1,0,1,0,0,0,2.6667,1,acquired
c:42497,Adura Technologies,CA,37.779281,-122.419236,2008,0.7918,4.3205,5,3,25500000,1,other,0,0,1,1,0,0,2.6667,1,acquired
c:15123,Rhythm NewMedia,CA,39.78373,-100.445882,2005,5.8603,7.6986,28,4,28932322,3,advertising,1,0,0,0,1,0,2.6667,1,acquired
c:23588,Topsy Labs,CA,37.775196,-122.419204,2007,0.9616,5.7151,18,6,35200000,3,other,1,0,1,1,1,0,2.3333,1,acquired
c:38273,Digit Wireless,MA,42.504817,-71.195611,2000,5.2027,8.1178,2,2,10000000,1,other,1,0,0,0,1,0,2.5,1,closed
c:15018,Silver Tail Systems,CA,37.428087700000006,-122.143368,2008,0.7178,3.7068,11,3,22100000,4,other,1,0,1,1,0,0,2.6667,1,acquired
c:37335,Tatara Systems,MA,42.485093,-71.43284,2001,3.0521,9.4767,4,5,33000000,1,mobile,1,0,0,1,1,1,2,1,acquired
c:31559,Reliant Technologies,CA,37.400115,-122.052208,2001,6.2986,6.2986,9,1,15000000,1,biotech,0,0,0,0,0,0,3,1,acquired
c:9665,Atrua Technologies,CA,37.2624049,-121.9577052,2000,6.937,9.1589,6,3,13000000,1,mobile,0,0,0,0,0,1,3,1,acquired
c:18163,Casabi,CA,37.293687,-121.934573,2004,1.9671,3.1945,5,2,12800000,1,mobile,0,0,1,1,0,0,2.5,1,acquired
c:14345,Peek & Co,NY,40.73901,-73.997259,2007,0.1671,3.7808,6,2,626096,3,mobile,1,0,1,0,0,0,1,1,closed
c:40147,C2 Microsystems,CA,37.404788,-121.940842,2004,5.7836,5.7836,1,1,10000000,1,other,1,0,0,0,0,0,3,1,closed
c:62269,GoPollGo,CA,37.4210225,-122.1377411,2011,0.5671,0.5671,5,1,425000,3,web,0,1,0,0,0,0,2,1,acquired
c:16273,Multigig,CA,35.966068,-115.118671,2003,5.3644,7.9781,5,3,37891054,1,other,1,0,0,1,1,0,3,1,acquired
c:38196,Ortiva Wireless,CA,32.833501,-117.26162,2004,1.0877,7.7616,9,5,40000000,1,mobile,1,0,1,1,1,0,4,1,acquired
c:5411,Sometrics,CA,34.048857,-118.251343,2007,0.7014,2.126,10,3,5550000,4,games_video,0,0,1,1,0,0,3,1,acquired
c:54465,Kima Labs,CA,37.78699829999999,-122.400893,2010,0.5808,0.5808,3,1,770000,3,mobile,0,1,0,0,0,0,6,1,acquired
c:34267,Chronicity,TX,32.960431,-96.83026,2006,0.1068,4.7342,0,4,19550000,0,consulting,1,0,1,0,0,0,1,1,closed
c:1042,Whiskey Media,CA,40.730646,-73.986614,2007,1.4795,2.2521,6,2,4000000,1,web,1,0,0,0,0,0,1,0,acquired
c:1756,Jobfox,Other,38.92719,-77.216969,2004,1.0849,5.8192,14,4,42000000,4,web,0,0,1,1,1,0,2.3333,1,acquired
c:31452,Natural Cleaners Colorado,Other,39.6350086,-106.5213459,2005,3.6548,3.6548,0,1,1900000,0,other,0,0,1,0,0,0,1,1,closed
c:39101,Gaikai,CA,33.570171,-117.710676,2008,1.1781,2.7151,21,3,45039999,3,games_video,0,0,1,1,1,0,3.6667,1,acquired
c:60186,Blue Buzz Network,CA,37.779281,-122.419236,2006,4.5315,4.5315,1,1,1310000,1,other,1,0,0,0,0,0,4,1,closed
c:74341,Max-Viz,Other,45.520247,-122.674195,2001,7.0027,7.0027,3,1,3000000,1,other,0,0,1,0,0,0,3,0,acquired
c:3950,Cotendo,CA,37.504764,-122.259568,2008,0,3.4548,9,4,36000000,3,software,0,0,1,1,1,1,3,1,acquired
c:60457,Particle Code,CA,37.445586,-122.161929,2010,0.1644,0.1644,3,1,3000000,1,software,1,0,0,0,0,0,1,0,acquired
c:7748,Flowgram,CA,37.7710177,-122.4025976,2007,0.6685,0.6685,1,1,1300000,3,web,0,1,0,0,0,0,8,1,closed
c:35903,JavaJobs,Other,34.748528,-92.287158,1997,9.7534,9.7534,1,1,50000,1,software,1,0,0,0,0,0,1,0,closed
c:714,Behance,NY,40.74406,-74.004592,2006,6.2849,6.2849,15,1,6500000,3,web,0,0,1,0,0,0,8,1,acquired
c:90087,Locu,MA,42.3751,-71.105616,2011,0.6822,1.3096,5,2,4600000,2,advertising,0,1,1,0,0,0,9,1,acquired
c:9373,dynaTrace software,MA,42.391389,-71.270987,2005,2.1233,6.0192,5,3,21900000,2,software,1,0,1,1,0,0,1.6667,1,acquired
c:16343,Socialbomb,NY,40.730646,-73.986614,2008,0.4904,0.4904,6,1,240000,1,games_video,0,1,0,0,0,0,2,1,acquired
c:13734,Imagine Communications,CA,32.9388917,-117.2398594,2005,0,5.3014,17,4,34700000,1,software,1,0,1,1,0,0,2.25,1,acquired
c:4060,Univa UD,Other,41.808458,-88.073008,2004,1.2274,5.8712,4,4,33000000,2,software,1,0,1,1,1,0,5.3333,1,acquired
c:58420,Tutorspree,NY,40.7908157,-73.9722939,2010,1.3014,2.4685,3,2,1800000,2,other,1,1,0,0,0,0,5,1,closed
c:815,OneRiot,Other,40.01621,-105.28131,2006,0,3.6548,14,3,27300000,4,advertising,0,0,1,1,1,0,3,1,acquired
c:42112,Moonshoot,CA,37.440682,-122.123103,2007,3.1342,5.2521,6,2,6760000,2,web,1,0,0,0,0,0,1.5,1,closed
c:16178,ArcSight,CA,37.31679000000001,-122.05079,2000,0,6.4986,24,3,26914000,3,software,0,0,1,1,1,0,6,1,acquired
c:27021,AGEIA Technologies,CA,37.354469,-121.990433,2002,3.7562,3.7562,1,1,27500000,0,other,0,0,0,0,1,0,7,1,acquired
c:43133,U.S. Fiduciary,TX,29.758938,-95.367697,2003,4.2795,4.2795,4,1,9000000,0,other,0,0,0,0,0,1,2,1,closed
c:17884,Xelerated,CA,59.3352318,18.0571206,2000,5.3041,8.6247,4,3,53000000,0,other,0,0,0,0,1,1,4.6667,1,acquired
c:208,Oodle,CA,37.563585,-122.324621,2004,2.3315,6.6767,17,4,23100000,3,other,1,0,1,1,1,0,2,1,acquired
c:1078,The Climate Corporation,CA,37.782809,-122.394354,2006,1,6.4548,28,4,108900000,2,other,0,0,1,1,1,0,7.5,1,acquired
c:1600,Kosmix,CA,37.3867729,-122.0752224,2005,0.8329,3.937,26,4,55000000,5,web,0,0,1,1,1,1,2.75,1,acquired
c:12071,Xtify Inc.,NY,40.729839,-73.991781,2009,1.0822,2.8548,9,2,5686383,3,mobile,0,0,1,0,0,0,2,0,acquired
c:24681,Limerick BioPharma,CA,37.658713,-122.399382,2004,4.4466,8.0849,4,6,49008830,1,biotech,1,0,1,0,1,0,3,1,closed
c:96,iSkoot,CA,37.780134,-122.396744,2005,1.6055,3.5479,10,3,32200000,0,mobile,0,0,1,1,1,0,4,1,acquired
c:15509,Rudder,TX,29.739322,-95.444747,2006,1.2904,1.2904,3,1,2000000,1,web,0,0,1,0,0,0,1,0,closed
c:52378,Panvidea,NY,40.750519,-73.993494,2007,3.2137,3.2137,5,1,2700000,2,games_video,0,0,1,0,0,0,2,1,acquired
c:167,Sway,Other,43.090756,-89.522805,2004,5.1315,5.1315,6,1,2000000,2,advertising,0,0,1,0,0,0,2,0,closed
c:17758,TRAFFIQ,NY,40.7429533,-73.9844611,2006,0,3.9288,16,3,18000000,3,advertising,1,0,1,1,0,0,2.3333,1,acquired
c:8339,Dexterra,Other,47.802184,-122.196307,2000,5.6301,8.7589,9,5,122500000,2,mobile,1,0,0,0,1,1,5.6,1,acquired
c:21343,CoTweet,CA,37.7405936,-122.3764714,2009,0.5178,0.5178,9,1,1100000,2,advertising,0,0,1,0,0,0,6,1,acquired
c:41747,Reef Point Systems,MA,42.504817,-71.195611,1998,7.2521,9.2274,1,3,52000000,1,other,1,0,0,1,0,0,2.6667,1,closed
c:31549,Paracor Medical,CA,37.408261,-122.01592,1999,8.4959,8.4959,5,1,44000000,1,biotech,0,0,0,0,0,1,8,1,closed
c:33198,Causata,CA,37.556732,-122.288378,2009,0.7589,2.8329,12,2,15500000,2,software,0,0,1,1,0,0,1,1,acquired
c:26702,Asempra Technologies,CA,37.386778,-121.966277,2003,3.1205,3.1205,4,1,20000000,1,other,0,0,0,1,0,0,3,1,acquired
