Gender,Age,Number of Likes,Number of Retweets,Has Hashtag,Sentiment Score,Contains Image,Contains Video,Time of Day,Post Length
Male,24,196,96,1,0.7464844339512096,0,1,Morning,204
Non-binary,18,210,95,0,0.8860989677613925,0,0,Evening,164
Female,26,175,67,1,0.4144293125402116,1,0,Night,287
Female,39,141,160,0,0.23890533946186893,0,1,Evening,252
Male,35,174,130,0,0.18437758720545208,0,1,Night,163
Male,34,185,142,1,0.5496705121831975,0,1,Evening,133
Male,27,195,137,0,0.7099157412340149,1,1,Evening,181
Female,18,197,173,1,0.010679373929491615,1,1,Night,222
Female,35,163,83,0,0.48104976448220504,0,0,Morning,212
Female,22,185,169,0,-0.10840339242762276,1,1,Afternoon,263
Male,52,101,95,0,-0.1521193871579975,1,0,Morning,239
Non-binary,36,152,170,0,0.06772408485649323,1,1,Night,248
Female,24,193,74,1,0.3978633215666535,1,0,Night,216
Male,24,212,113,1,0.8194844339512095,1,1,Morning,131
Male,29,188,97,1,0.6500863688854597,1,1,Evening,190
Male,28,176,70,0,0.3135259359149132,1,0,Night,253
Male,41,144,166,1,0.22847886691191271,1,1,Morning,197
Female,32,171,153,1,0.6508696752743114,1,0,Evening,225
Male,23,201,27,0,0.4814368743221022,0,0,Night,184
Male,49,128,113,1,0.010913631114540273,0,1,Morning,149
Female,30,184,106,1,0.221415459968356,1,1,Evening,194
Male,38,151,124,0,-0.1776349532067879,0,1,Afternoon,215
Male,24,204,79,0,0.48348443395120955,1,0,Night,167
Male,34,172,177,0,0.19467051218319747,1,1,Night,188
Female,33,183,81,0,-0.23515903257245993,1,0,Night,153
Female,18,190,70,0,-0.17188851888506462,1,0,Afternoon,256
Male,50,118,177,1,-0.35152593591491316,1,1,Night,185
Female,43,121,118,1,-0.20890227913557904,0,1,Night,273
Female,26,177,18,0,0.002422993890522529,0,0,Afternoon,276
Male,19,201,26,1,0.50260189859059,0,0,Night,196
Female,33,184,170,0,0.5743807921958867,1,0,Morning,150
Male,31,204,108,0,0.685660029031811,0,0,Evening,96
Male,34,187,119,1,0.5566705121831975,0,0,Morning,126
Non-binary,32,192,147,1,0.5595369427225565,1,0,Morning,131
Non-binary,35,151,71,0,0.5123873134617319,1,1,Morning,269
Female,44,131,142,0,-0.26499289225978384,1,0,Evening,206
Male,36,158,173,0,-0.10773953302184278,1,1,Afternoon,219
Male,20,226,177,0,0.9054154131125642,0,0,Evening,89
Female,44,146,85,0,-0.08715526591094047,1,0,Morning,140
Male,46,116,121,1,-0.4940000000000001,0,1,Afternoon,244
Male,60,99,82,0,-0.214,0,1,Evening,214
Female,19,202,126,0,0.31948738730174303,0,1,Night,193
Male,32,171,73,1,0.021999999999999936,1,0,Afternoon,228
Non-binary,18,185,96,0,0.7370168283488234,1,0,Evening,282
Male,36,165,177,0,0.12226046697815723,1,1,Night,189
Female,25,194,119,1,0.7134486213491582,0,1,Evening,203
Male,49,114,77,1,-0.050086368885459726,1,0,Morning,210
Female,22,175,132,1,0.46609060235230254,1,0,Morning,320
Female,18,226,88,0,0.7358243362521488,1,0,Night,95
Male,25,187,94,0,0.6990127018922193,0,0,Morning,234
Non-binary,18,203,76,0,0.4687905662595057,1,0,Night,194
Female,38,149,88,0,0.497883156610354,1,0,Evening,228
Non-binary,18,209,79,0,0.6666755815251979,1,0,Night,167
Female,30,183,76,1,-0.15556230232299229,1,0,Night,198
Female,18,194,22,1,0.19263533402360616,0,0,Night,236
Non-binary,27,161,111,0,0.14657295811354365,0,1,Afternoon,356
Male,46,117,121,1,-0.2900000000000001,0,1,Night,240
Male,34,179,130,1,0.02467051218319749,0,1,Afternoon,158
Male,21,204,178,1,0.3084639560909118,1,1,Afternoon,179
Male,30,188,99,1,0.6347449009293669,0,1,Evening,177
Male,30,203,136,1,0.4017449009293669,0,1,Night,110
Male,35,169,77,0,0.1643775872054521,1,0,Night,183
Female,18,194,22,1,0.46442774043321966,0,0,Night,237
Male,36,177,33,0,-0.024739533021842786,0,0,Afternoon,136
Male,18,191,70,1,0.248,1,0,Afternoon,252
Female,24,191,144,1,0.5767352862202827,1,1,Evening,224
Male,25,203,127,1,0.7700127018922193,0,0,Morning,163
Female,36,164,137,0,0.4032213060190933,0,0,Morning,193
Male,30,166,17,0,0.03174490092936677,0,0,Afternoon,280
Non-binary,18,194,22,0,0.343677912094669,0,0,Afternoon,237
Female,20,201,126,1,0.4124009565872197,0,1,Afternoon,200
Male,32,179,173,1,0.562,1,1,Morning,188
Male,29,185,134,0,0.6360863688854597,1,1,Morning,204
Female,24,202,157,1,0.3138886556249216,1,0,Morning,174
Female,25,219,38,1,0.6942979380773562,0,0,Night,95
Female,37,138,15,1,-0.3565659290491685,0,0,Afternoon,302
Female,25,193,125,0,0.15544481208907454,0,1,Afternoon,208
Male,29,181,77,1,0.6200863688854596,0,0,Evening,220
Male,52,110,155,0,-0.11011938715799752,0,1,Morning,197
Male,18,210,30,0,0.5369999999999999,0,0,Night,163
Female,18,204,27,0,0.18866318292714013,0,0,Night,191
Female,38,173,91,0,0.3324543702220578,0,1,Morning,120
Male,23,175,164,0,0.15143687432210212,1,1,Afternoon,314
Male,27,205,133,0,0.4529157412340149,0,1,Night,138
Male,22,210,81,0,0.5297864028930703,1,0,Night,148
Male,27,195,128,1,0.2129157412340149,0,1,Afternoon,178
Female,46,112,119,0,-0.12607312118584096,1,1,Evening,264
Female,38,154,139,0,0.3697879515205477,1,0,Morning,201
Female,39,166,33,1,-0.06183456668930146,0,0,Night,138
Female,18,188,77,0,0.8255495503573801,1,1,Morning,263
Male,18,194,122,1,0.46299999999999997,0,1,Night,237
Female,18,196,154,1,0.5860910777099854,0,1,Evening,227
Female,22,191,116,0,0.29244987812895606,1,1,Evening,236
Female,40,124,110,0,0.3105271023065386,0,0,Evening,320
Female,35,144,131,0,-0.005343632045995361,1,1,Morning,309
Female,28,195,102,1,0.8461413787534225,0,1,Morning,166
Female,30,166,158,0,0.328870109455044,0,1,Morning,281
Male,23,193,82,0,0.7464368743221022,1,0,Morning,219
Male,32,171,73,1,0.22499999999999995,1,0,Night,225
Male,38,174,135,1,-0.07763495320678793,0,1,Afternoon,115
Male,18,204,149,0,0.8089999999999999,1,1,Morning,191
Female,33,182,130,0,-0.14326984763169562,0,1,Night,159
Male,39,143,171,1,-0.04099999999999995,1,1,Night,241
Female,26,181,170,0,0.3028142602727242,1,1,Night,254
Non-binary,37,183,188,1,0.435829360345683,1,1,Night,96
Male,58,102,152,1,-0.19341541311256427,1,1,Morning,199
Male,29,174,20,0,0.08408636888545967,0,0,Afternoon,256
Female,34,172,177,1,-0.09746758146106674,1,1,Night,191
Male,23,190,119,1,0.7294368743221021,1,1,Evening,236
Male,32,173,108,0,0.532,0,0,Morning,218
Male,35,162,174,1,0.1303775872054521,1,1,Night,217
Male,32,180,130,1,0.5640000000000001,0,0,Morning,186
Non-binary,20,214,168,0,0.7864329153660015,0,1,Morning,139
Female,32,189,162,1,0.7232021144767772,1,1,Evening,144
Female,45,122,142,0,0.17233227842584997,1,0,Evening,235
Female,34,169,90,0,0.11917943283914761,0,1,Evening,201
Female,40,149,128,0,0.19932711471219483,0,0,Morning,193
Male,28,192,28,1,0.3875259359149132,0,0,Night,179
Female,37,162,177,0,-0.1488825941169714,1,1,Afternoon,185
Female,33,162,109,1,0.40223233814340464,1,0,Morning,252
Female,20,204,177,1,0.20919401767627477,1,1,Night,183
Female,33,188,83,0,0.04855933416286046,1,0,Night,133
Male,20,193,172,1,0.4574154131125643,1,1,Night,237
Male,24,199,127,0,0.4604844339512096,0,1,Night,190
Male,32,176,174,1,0.548,0,1,Evening,202
Male,33,156,86,0,0.436941869558779,1,1,Evening,280
Female,18,202,163,0,0.6198511866534542,0,0,Morning,199
Female,41,141,74,0,-0.7669438999985281,1,0,Afternoon,214
Male,36,176,32,0,-0.029739533021842762,0,0,Afternoon,141
Female,23,200,127,0,0.11888824840376555,0,1,Afternoon,189
Male,18,195,140,1,0.77,1,1,Evening,230
Male,29,203,184,0,0.21808636888545968,1,1,Afternoon,122
Male,26,190,118,1,0.7031193871579975,1,0,Morning,210
Male,31,178,80,1,0.576660029031811,1,1,Morning,205
Non-binary,26,192,166,1,0.627909604269177,1,0,Evening,202
Male,18,191,138,1,0.748,0,1,Morning,252
Female,26,189,24,0,0.5865643332189109,0,0,Night,217
Female,27,175,118,1,-0.1624325426018849,0,1,Afternoon,274
Male,36,174,31,1,-0.03873953302184277,0,0,Afternoon,150
Non-binary,23,196,123,1,0.9857212063384225,1,0,Evening,207
Non-binary,47,122,175,1,-0.3571838792775761,1,1,Night,204
Male,18,214,132,1,0.353,0,1,Afternoon,147
Female,43,126,108,1,-0.323001131564423,0,1,Evening,248
Male,28,164,65,1,0.5505259359149131,0,1,Evening,316
Male,39,152,76,1,-0.19899999999999998,1,0,Afternoon,199
Male,31,174,123,0,0.25666002903181095,0,1,Night,225
Female,41,143,125,0,-0.29022453488693944,0,1,Night,204
Female,26,201,118,0,0.7584249126524583,0,1,Evening,164
Male,19,222,86,1,0.5896018985905901,1,0,Night,109
Male,44,140,179,1,-0.14767051218319754,1,1,Night,165
Non-binary,29,202,104,0,0.6103208927686391,0,1,Evening,130
Male,32,159,17,1,0.16499999999999998,0,0,Night,285
Male,42,141,115,1,0.19473953302184283,0,0,Evening,194
Female,20,204,158,1,0.7957201488251553,1,1,Evening,183
Non-binary,36,153,124,0,0.35879515184141053,1,1,Evening,244
Male,24,209,182,0,0.5064844339512096,1,1,Night,144
Female,29,194,91,0,0.22515481272188528,0,0,Morning,162
Female,31,179,75,0,0.10394265694342647,1,0,Night,203
Male,18,191,70,0,0.44899999999999995,1,0,Night,251
Female,22,193,153,1,0.5985945723125843,1,0,Morning,225
Male,44,130,124,1,-0.19467051218319753,0,1,Night,212
Female,39,151,111,0,0.2845933300484548,1,1,Morning,204
Female,29,181,73,0,0.17326830164464527,1,0,Afternoon,220
Female,32,174,111,1,0.24702698423423056,0,1,Evening,210
Male,27,202,95,1,0.7419157412340149,0,1,Morning,149
Female,44,132,175,1,-0.5227264129430922,1,1,Night,202
Male,28,200,132,1,0.42052593591491316,0,1,Night,146
Male,32,176,81,1,0.546,0,0,Evening,204
Male,41,149,155,1,0.24947886691191273,1,1,Morning,176
Female,22,174,163,0,-0.10713359789021393,1,1,Afternoon,327
Female,46,126,125,0,-0.1975111889509269,0,1,Evening,198
Male,18,218,184,1,0.57,1,1,Night,130
Female,46,127,140,0,0.2151258843104688,1,1,Evening,193
Male,26,187,173,0,0.18711938715799745,1,1,Afternoon,226
Female,28,170,133,0,0.5401704819842226,1,0,Evening,284
Male,18,208,122,1,0.829,1,1,Evening,171
Female,25,213,35,0,0.04984604103702789,0,0,Night,121
Male,20,192,101,1,0.7534154131125642,1,0,Morning,241
Non-binary,24,212,133,0,0.3718147509051577,0,1,Night,131
Male,29,190,120,0,0.6620863688854597,0,1,Evening,178
Male,40,150,127,1,-0.02436504679321211,0,1,Night,187
Male,32,177,176,1,0.052999999999999936,1,1,Afternoon,197
Non-binary,33,165,148,0,0.5282486575078786,1,0,Evening,234
Female,19,208,179,0,0.62673920828751,1,1,Night,166
Male,21,203,124,0,0.8014639560909118,0,1,Morning,186
Female,48,120,26,1,-0.19129617813789018,0,0,Night,199
Female,23,196,156,1,0.662351155505493,1,1,Evening,207
Female,47,121,155,1,-0.3318567019543256,1,0,Morning,205
Female,28,183,23,1,-0.16709023723847957,0,0,Afternoon,222
Male,30,174,151,0,0.5697449009293668,0,0,Evening,242
Male,41,139,133,1,0.20547886691191272,1,1,Morning,220
Female,43,132,147,1,-0.025826258904225324,0,0,Evening,223
Non-binary,29,204,135,0,0.4594116576177486,0,1,Afternoon,121
Female,26,192,158,0,0.49915721987044664,1,0,Evening,203
Male,29,180,82,1,0.6160863688854596,0,1,Morning,224
Male,33,165,172,1,0.1809418695587791,1,1,Night,236
Female,39,159,129,0,-0.3853666288368154,0,1,Night,165
Female,30,190,129,1,0.1324173265544991,0,1,Night,167
Female,36,169,107,0,0.39374639400391565,1,1,Evening,171
Female,46,120,120,0,0.021450394573551218,1,0,Morning,227
Female,34,159,20,1,-0.24441401594794018,0,0,Night,252
Male,33,177,175,1,0.5369418695587791,1,1,Morning,180
Male,18,192,151,0,0.755,1,0,Morning,245
Female,18,200,25,0,-0.08781647534320094,0,0,Afternoon,206
Female,34,171,126,1,0.06393153366113774,0,1,Afternoon,194
Male,29,188,177,0,0.3510863688854597,1,1,Night,189
Male,25,187,133,1,0.6960127018922193,0,1,Evening,237
Female,32,173,24,1,-0.056317387143107495,0,0,Afternoon,216
Male,29,163,114,1,0.026086368885459676,0,1,Afternoon,314
Male,41,153,180,0,-0.031521133088087266,1,1,Night,157
Female,31,174,173,1,-0.17735380403600268,1,1,Afternoon,226
Female,23,203,28,1,-0.10995510291229493,0,0,Afternoon,174
Female,40,157,92,0,0.24309559249227028,1,0,Morning,157
Male,28,188,176,0,0.36752593591491317,1,1,Night,199
Female,35,164,118,1,0.6055254313112531,1,0,Evening,207
Male,25,166,107,1,0.5870127018922193,1,1,Morning,346
Male,24,199,140,0,0.7594844339512095,1,0,Morning,191
Female,31,193,172,0,0.7207617771691277,1,1,Evening,143
Female,30,180,126,1,0.20296233666814492,0,0,Evening,214
Female,35,190,138,0,-0.42160831943785426,0,1,Afternoon,96
Female,27,192,126,1,0.5111325433730112,0,1,Night,195
Female,18,201,164,0,0.5194532592212526,1,0,Morning,201
Male,26,184,121,1,0.17311938715799746,0,1,Afternoon,240
Male,38,144,120,1,-0.011634953206787896,0,1,Night,249
Male,27,196,78,1,0.2159157412340149,1,0,Afternoon,175
Male,28,189,167,0,0.6745259359149132,0,0,Evening,192
Non-binary,40,156,180,0,-0.14124113519318193,1,1,Afternoon,162
Male,23,210,82,1,0.3214368743221021,1,0,Afternoon,144
Female,18,198,174,0,0.49719369090620613,1,1,Night,215
Female,28,202,183,0,0.2269524285709964,1,1,Afternoon,136
Female,25,199,28,1,0.09425057665972891,0,0,Night,179
Female,20,212,157,0,0.49212009730783246,0,0,Morning,150
Female,28,182,148,1,0.6213310348139917,1,1,Morning,227
Female,35,147,109,1,0.011183512282729902,1,0,Morning,290
Male,30,197,110,1,0.6767449009293668,1,0,Evening,135
Female,33,194,186,0,-0.0727748896731192,1,1,Afternoon,107
Male,48,121,76,0,-0.30574490092936674,1,0,Night,194
Male,27,190,125,1,0.1899157412340149,0,1,Afternoon,201
Female,33,170,24,0,-0.21229525502745453,0,0,Night,211
Male,25,199,79,1,0.7550127018922193,0,1,Morning,178
Non-binary,22,201,77,1,0.7420051768292029,1,0,Night,190
Non-binary,24,193,174,0,0.2847245923281887,1,1,Night,218
Non-binary,25,184,20,0,0.541146663865917,0,0,Night,252
Male,34,192,37,0,0.2806705121831975,0,0,Night,102
Male,53,112,28,0,-0.41501270189221934,0,0,Night,182
Non-binary,23,195,130,0,0.6831196035229191,1,0,Evening,211
Male,26,203,137,0,0.7591193871579974,0,0,Morning,154
Non-binary,29,168,100,1,0.577171792396119,1,1,Morning,287
Non-binary,34,177,29,0,0.3330169693621684,0,0,Night,168
Female,33,173,162,0,0.17380834342345763,0,0,Evening,198
Male,43,131,173,0,-0.1753775872054521,1,1,Night,228
Male,18,208,29,0,0.32999999999999996,0,0,Afternoon,170
Female,18,223,143,0,0.7405084263600233,0,1,Morning,108
Male,25,199,129,0,0.7540127018922194,1,1,Morning,179
Male,41,133,98,1,0.17447886691191272,0,0,Evening,251
Female,18,205,77,0,-0.023657224926425358,1,0,Afternoon,183
Non-binary,18,211,114,0,0.9042181729288746,0,0,Morning,158
Female,36,153,171,0,-0.07047180944931958,1,1,Afternoon,246
Female,32,180,151,0,0.3144342325898651,1,1,Morning,183
Male,19,206,125,0,0.8246018985905901,0,1,Evening,174
Female,20,199,175,1,0.34348437067756377,1,1,Afternoon,207
Non-binary,20,192,21,0,0.30489972481691774,0,0,Night,239
Male,31,156,164,1,-0.03733997096818903,1,1,Afternoon,319
Female,24,188,171,0,0.3906161786111223,1,1,Afternoon,241
Female,35,153,101,0,0.5751916215471538,0,0,Morning,258
Female,18,207,152,0,0.5127932143174896,1,1,Morning,175
Female,21,211,81,0,-0.13285128833416485,1,0,Afternoon,149
Female,19,200,125,1,0.2891461975343554,0,1,Afternoon,203
Male,27,189,147,1,0.685915741234015,0,0,Evening,205
Male,25,207,182,1,0.2870127018922193,1,1,Afternoon,146
Female,38,157,154,0,-0.06451663808408042,1,0,Evening,191
Female,18,197,73,0,0.10297060857800919,1,0,Night,220
Female,30,179,124,0,0.4659313518738133,0,1,Night,218
Non-binary,36,157,81,0,0.5328451471050802,0,1,Morning,225
Female,49,113,24,1,-0.494126294060914,0,0,Afternoon,215
Female,25,200,125,0,0.5363571919051464,0,0,Morning,175
Female,33,178,144,1,0.27836077881224797,0,1,Morning,174
Female,18,215,182,0,0.22413880474821896,1,1,Night,140
Female,18,183,158,0,0.5474536198186863,1,1,Morning,289
Female,38,154,125,0,-0.27735483973287,0,1,Afternoon,201
Female,30,185,159,0,0.5649872914862955,1,1,Evening,189
Male,42,150,116,1,0.23473953302184283,1,1,Evening,154
Male,18,173,156,0,0.653,0,1,Evening,347
Male,35,178,152,1,0.501377587205452,0,1,Morning,146
Female,49,121,78,0,-0.7141739582765634,1,0,Afternoon,179
Male,34,165,164,1,0.46167051218319755,1,0,Evening,221
Female,33,166,115,1,0.5702317669838726,1,0,Morning,230
Female,30,172,20,0,-0.26128381220298635,0,0,Afternoon,248
Male,18,183,147,0,0.71,1,1,Morning,290
Female,44,127,132,0,-0.06743023285132091,1,0,Morning,225
Male,24,209,132,1,0.3034844339512096,0,1,Afternoon,147
Male,35,168,139,1,0.460377587205452,1,0,Morning,187
Female,18,198,78,0,0.950424460105911,1,0,Evening,215
Male,18,181,151,0,0.6970000000000001,0,0,Evening,303
Male,44,149,134,0,-0.11267051218319754,0,1,Night,130
Female,27,178,154,0,0.814170573964778,1,1,Morning,260
Female,45,128,164,0,-0.05332881486506266,0,1,Morning,209
Male,29,177,146,0,0.5980863688854596,0,1,Morning,242
Female,18,203,115,0,0.6135284604089224,1,1,Evening,195
Male,39,161,98,0,0.34199999999999997,1,0,Evening,158
Male,24,188,117,1,0.7124844339512095,0,0,Morning,238
Female,37,151,22,0,-0.03541236355394714,0,0,Night,233
Female,30,172,134,0,0.20172490213710792,0,0,Morning,249
Female,18,202,142,0,0.6473799196349941,1,0,Evening,199
Female,32,183,169,1,0.5996171718736069,1,0,Evening,170
Non-binary,52,127,184,0,-0.14991349362367562,1,1,Night,122
Female,35,157,88,0,0.25611047560458544,1,1,Evening,241
Male,29,181,73,1,0.3190863688854597,1,0,Night,221
Female,41,154,81,0,-0.4407548695456782,1,0,Afternoon,152
Male,32,183,179,1,0.27699999999999997,1,1,Night,173
Male,32,182,127,1,0.573,1,1,Morning,177
Male,19,218,34,0,0.5726018985905901,0,0,Night,126
Male,32,186,109,1,0.591,0,1,Evening,159
Non-binary,40,161,82,1,0.2864426421243349,1,0,Night,143
Female,22,203,78,1,0.40593465027382086,1,0,Afternoon,179
Female,44,141,145,0,-0.18214418975783173,0,1,Evening,163
Male,29,204,89,0,0.7210863688854596,1,0,Evening,119
Male,21,179,157,1,0.6864639560909118,1,1,Evening,301
Male,40,134,165,1,0.19963495320678787,1,1,Morning,263
Male,27,199,121,1,0.7299157412340149,0,0,Morning,161
Female,38,152,157,1,0.27476427719402075,0,0,Morning,214
Female,27,186,166,1,0.43167284075665713,1,0,Morning,221
Female,29,173,19,0,0.4457453151915436,0,0,Night,260
Male,35,175,84,1,0.488377587205452,0,0,Morning,159
Non-binary,33,161,20,1,0.12240958871849927,0,0,Night,255
Female,18,208,29,1,0.003576983698619307,0,0,Afternoon,173
Female,19,216,132,1,0.7395561855424632,0,1,Morning,133
Female,39,144,22,0,0.04066122494437652,0,0,Night,236
Male,29,172,153,1,0.5750863688854596,1,0,Evening,265
Male,25,169,163,1,0.10401270189221928,1,1,Afternoon,329
Male,18,215,139,1,0.86,1,0,Evening,140
Female,19,193,150,0,0.35226100958362583,0,1,Evening,235
Male,18,206,161,1,0.8200000000000001,0,1,Morning,180
Male,29,177,21,1,0.3010863688854597,0,0,Night,239
Male,24,214,34,1,0.5244844339512096,0,0,Night,126
Male,20,215,90,0,0.8574154131125642,0,1,Evening,137
Female,29,194,110,0,0.6257512769429763,0,0,Morning,161
Female,34,169,86,0,0.18037700722737968,0,0,Evening,204
Female,51,119,99,0,-0.39371019000741647,0,1,Morning,168
Male,18,194,165,0,0.767,0,1,Morning,233
Female,42,129,120,1,-0.8575087451616443,0,1,Afternoon,251
Female,40,141,122,0,-0.6603048162604138,0,1,Afternoon,230
Male,22,182,167,1,0.3967864028930703,1,1,Night,281
Male,32,172,134,1,0.529,0,0,Evening,221
Male,25,208,172,1,0.7940127018922193,0,0,Evening,139
Female,32,162,118,0,-0.24150681061567736,0,1,Afternoon,268
Female,45,136,79,0,-0.652435870588392,1,0,Afternoon,170
Male,36,153,121,1,-0.13473953302184277,0,1,Afternoon,246
Male,35,149,117,0,0.06837758720545206,0,1,Night,279
Female,26,188,162,0,0.23624390268037834,1,0,Morning,223
Female,18,219,84,0,0.20890240968756008,1,0,Night,125
Female,28,198,113,1,0.4977096260428572,1,0,Evening,154
Female,42,126,119,0,-0.22139598924207038,0,1,Afternoon,266
Male,18,203,101,1,0.808,1,1,Evening,192
Male,19,200,125,1,0.29460189859059005,0,1,Afternoon,204
Female,31,171,71,0,-0.14597725221035346,1,0,Night,238
Male,20,193,172,1,0.4594154131125643,1,1,Night,235
Female,22,196,74,0,0.1542534909078744,1,0,Afternoon,214
Non-binary,26,195,27,0,0.21285007745472984,0,0,Afternoon,190
Female,18,205,166,0,0.670584999935983,0,1,Evening,184
Male,20,191,121,0,0.4514154131125643,0,1,Night,243
Female,37,153,172,0,0.3599024276225211,1,0,Morning,228
Female,18,204,116,0,0.92289389168481,0,0,Evening,187
Female,18,190,134,0,0.3808071427209695,1,0,Evening,254
Non-binary,24,198,134,0,0.605293814218784,0,1,Evening,194
Male,37,168,94,0,0.41752113308808714,0,1,Morning,157
Non-binary,28,196,80,0,0.6842975081749149,1,1,Evening,162
Non-binary,25,206,181,0,0.344913870065245,1,1,Night,151
Male,30,186,87,0,0.6257449009293667,1,1,Morning,186
Male,18,189,123,1,0.738,1,1,Morning,262
Male,35,175,80,1,0.18737758720545208,1,0,Night,160
Male,34,168,76,0,0.47367051218319756,1,1,Morning,209
Male,26,200,179,0,0.44611938715799737,1,1,Night,167
Female,40,150,127,0,-0.4361416794800419,0,1,Afternoon,187
Male,19,218,148,1,0.87460189859059,1,1,Morning,124
Male,41,146,77,0,-0.06352113308808727,1,0,Night,189
Female,32,179,127,0,0.20502041535157112,0,1,Afternoon,190
Male,27,185,167,0,0.663915741234015,0,0,Evening,227
Female,30,180,174,0,-0.11026752063939874,1,1,Afternoon,211
Male,29,199,125,0,0.7000863688854596,0,0,Evening,140
Male,42,128,85,0,0.13473953302184283,1,1,Morning,254
Female,19,198,174,1,-0.08397758207820441,1,1,Afternoon,211
Female,22,196,74,1,0.4986689740170125,1,0,Night,210
Female,40,148,76,0,-0.7219744813656856,1,0,Afternoon,200
Female,24,202,99,0,0.8482990240768575,1,0,Evening,174
Female,39,149,24,0,-0.701235686915662,0,0,Afternoon,211
Male,47,117,23,0,-0.305660029031811,0,0,Night,224
Male,26,213,103,0,0.8001193871579975,0,1,Morning,113
Female,37,165,179,1,-0.3497267594881268,1,1,Night,173
Female,18,204,127,0,0.2252552157937835,0,1,Afternoon,187
Non-binary,38,152,120,0,0.38469272366026785,1,1,Morning,213
Male,32,164,149,0,0.49,1,1,Morning,260
Male,35,174,109,1,0.486377587205452,0,1,Morning,161
Female,24,202,87,0,0.9586985442183555,1,1,Evening,175
Male,18,207,128,0,0.326,0,1,Afternoon,174
Non-binary,35,175,30,0,0.411025959973199,0,0,Night,160
Female,18,205,127,0,0.12589203572504803,0,1,Afternoon,183
Male,27,182,169,1,0.651915741234015,0,1,Morning,239
Female,39,164,139,0,0.5316075629731147,1,1,Evening,147
Female,32,172,134,0,0.5142466795532074,0,1,Evening,221
Male,49,136,169,1,0.04491363111454026,0,0,Morning,115
Non-binary,40,154,158,0,0.5113548331849103,1,0,Morning,172
Female,23,201,82,0,0.7138230846541158,0,1,Morning,184
Female,30,165,133,0,0.4788411196702384,1,1,Evening,284
Male,30,186,117,1,0.6257449009293667,1,0,Evening,186
Female,18,227,38,0,0.09132460087234304,0,0,Afternoon,90
Male,21,223,137,0,0.5874639560909118,0,1,Night,100
Male,24,196,125,1,0.44848443395120957,0,1,Night,202
Non-binary,18,195,114,1,0.778224748587729,1,1,Evening,231
Male,30,178,123,1,0.2927449009293669,0,1,Night,219
Male,28,186,159,1,0.6585259359149132,1,1,Morning,208
Non-binary,18,189,145,0,0.6913360786937748,1,1,Morning,258
Non-binary,34,176,79,0,0.24314103359845368,1,0,Afternoon,173
Female,37,149,88,0,0.35224144854679895,1,0,Morning,245
Female,32,195,142,0,0.7324358838607096,0,1,Evening,118
Male,27,201,31,1,0.4359157412340149,0,0,Night,155
Male,36,183,145,1,0.5012604669781572,0,1,Morning,110
Male,37,162,164,0,0.38852113308808717,0,0,Morning,186
Female,33,173,176,0,0.12390329114186904,1,1,Afternoon,198
Female,22,197,175,0,0.29699433800054265,1,1,Night,206
Female,33,172,125,0,0.03499961257157247,0,1,Afternoon,203
Female,42,150,107,0,0.1683510846945501,0,0,Evening,154
Male,24,199,144,0,0.7604844339512096,0,0,Morning,190
Female,51,129,105,0,-0.19219596928841132,1,0,Morning,125
Male,25,180,118,0,0.36501270189221935,0,1,Night,268
Female,30,186,127,1,0.3762952040238257,0,1,Night,185
Male,23,203,101,0,0.7894368743221021,1,1,Morning,176
Female,32,160,117,1,-0.0015692383296944112,0,1,Night,279
Male,18,216,122,0,0.862,1,0,Evening,138
Male,25,207,32,1,0.48901270189221935,0,0,Night,144
Male,19,213,32,0,0.3536018985905901,0,0,Afternoon,145
Female,31,180,149,1,0.46854068475114913,0,0,Evening,197
Female,40,143,123,1,-0.6212452673899702,0,1,Afternoon,222
Male,36,155,137,1,0.3742604669781572,0,1,Evening,237
Male,18,176,102,1,0.671,0,0,Morning,329
Female,50,141,94,0,-0.3617031423921454,1,1,Morning,88
Male,33,166,122,1,-0.013058130441220922,0,1,Afternoon,230
Female,22,205,96,0,0.8403137386229813,0,0,Evening,172
Female,32,183,159,0,0.3921326986663314,0,0,Morning,171
Male,32,183,165,0,0.581,1,1,Evening,169
Male,23,208,131,1,0.5104368743221022,0,1,Night,155
Non-binary,32,159,96,0,0.6377721348186471,0,0,Morning,284
Male,24,188,91,0,0.7084844339512095,0,1,Evening,242
Male,26,192,175,1,0.21211938715799744,1,1,Afternoon,201
Female,23,183,118,0,0.25788613052457254,0,1,Night,268
Non-binary,18,219,145,0,0.7613387176511168,0,0,Morning,124
Non-binary,31,195,92,0,0.7801131552040939,0,1,Evening,133
Female,36,188,38,0,0.3170375855773342,0,0,Night,91
Male,35,173,29,1,0.18237758720545208,0,0,Night,165
Male,38,153,87,1,0.3293650467932121,1,1,Evening,208
Female,33,171,175,0,-0.0638476287056107,1,1,Afternoon,205
Female,25,193,150,1,0.2887549432054518,0,0,Evening,207
Male,38,171,84,0,0.1083650467932121,1,0,Night,129
Non-binary,18,193,79,0,0.9120521803858184,1,0,Evening,240
Male,21,197,141,0,0.7754639560909118,0,0,Morning,212
Female,20,193,172,0,0.6272003803927083,1,1,Night,237
Male,41,166,125,1,0.32047886691191274,1,1,Evening,105
Female,39,148,97,0,0.16086893082750328,0,1,Evening,216
Male,35,179,115,1,0.506377587205452,0,1,Morning,141
Male,41,148,138,1,0.24547886691191273,1,1,Evening,180
Male,21,194,173,1,0.2604639560909118,1,1,Afternoon,227
Female,33,171,115,1,0.32846992711085465,1,0,Evening,205
Female,29,195,84,0,0.27654725483243336,0,0,Morning,157
Female,38,155,154,0,-0.1290645405008966,0,1,Evening,200
Non-binary,29,203,84,0,0.6047911261817069,1,0,Night,123
Male,26,180,118,0,0.6551193871579974,1,1,Morning,258
Male,35,168,127,0,0.15737758720545209,0,1,Night,190
Female,39,140,120,0,-0.7479317901629103,0,1,Afternoon,256
Male,23,203,128,1,0.4914368743221022,0,1,Night,174
Non-binary,29,191,78,0,0.6590155890909284,1,0,Night,174
Male,19,209,83,1,0.83660189859059,0,1,Evening,162
Non-binary,18,192,121,1,0.8498516141707382,0,0,Evening,244
Male,32,184,79,1,0.2849999999999999,1,0,Night,165
Female,36,156,122,1,-0.44801633855467615,0,1,Afternoon,232
Female,33,177,28,0,-0.14899144242761936,0,0,Afternoon,181
Non-binary,18,225,138,1,0.7100672255147485,0,1,Evening,101
Male,26,199,129,0,0.44211938715799737,0,1,Night,171
Female,18,215,132,1,0.20378597743162594,0,1,Night,141
Non-binary,44,132,75,0,-0.05765897335381734,1,0,Night,202
Female,19,214,82,1,0.14995382031321014,1,0,Afternoon,140
Female,43,127,171,0,-0.5676160848845138,1,1,Night,246
Female,39,153,114,1,0.28737635704077685,0,1,Morning,195
Female,21,202,84,1,0.6920145542165974,1,0,Evening,191
Female,19,193,116,0,0.8666723370412374,0,0,Morning,233
Female,34,159,120,0,-0.4830963586032575,0,1,Afternoon,248
Non-binary,22,199,26,1,0.47161970386529833,0,0,Afternoon,199
Male,31,188,30,0,0.12066002903181097,0,0,Afternoon,161
Male,25,215,173,1,0.8220127018922193,1,1,Evening,111
Non-binary,18,209,79,0,0.455416695407869,1,0,Afternoon,166
Female,18,208,79,0,0.09838603182406211,1,0,Afternoon,169
Female,32,175,102,0,0.7147702694136143,1,1,Morning,205
Female,24,200,27,0,-0.0015331393455969566,0,0,Afternoon,183
Male,24,189,98,0,0.7164844339512095,1,1,Morning,234
Male,37,165,143,0,0.4055211330880871,1,1,Morning,169
Female,42,140,109,0,-0.0025164484518334085,0,0,Evening,197
Male,27,178,149,1,0.631915741234015,0,1,Evening,259
Female,27,187,135,0,0.32800621217228365,0,1,Evening,217
Male,35,166,126,1,-0.04962241279454796,0,1,Afternoon,197
Non-binary,18,208,179,1,0.5666271783458362,1,1,Afternoon,170
Non-binary,32,184,129,0,0.43445556636566796,0,1,Night,168
Female,36,172,141,1,0.013900801269920632,1,0,Evening,157
Female,37,165,29,1,-0.14341415111396083,0,0,Afternoon,173
Male,18,193,108,0,0.762,1,1,Morning,238
Female,22,201,177,1,-0.037660882242864624,1,1,Afternoon,189
Female,21,215,133,0,0.5039179916536325,0,1,Afternoon,133
Male,31,162,67,0,-0.0063399709681890015,1,0,Afternoon,288
Non-binary,35,162,99,1,0.2771190661702756,0,0,Evening,216
Female,45,146,107,0,0.012771214785984475,1,1,Evening,130
Non-binary,25,199,116,1,0.6708041975367189,0,0,Evening,178
Female,25,193,75,1,0.05386533242175143,1,0,Night,206
Female,41,126,167,0,-0.09230882370175453,1,1,Night,285
Male,33,185,102,1,0.571941869558779,0,0,Evening,145
Non-binary,43,126,120,0,-0.3034615594227808,0,1,Night,249
Female,33,158,161,0,0.6315372661755432,0,0,Morning,270
Male,18,208,125,0,0.831,1,1,Morning,169
Male,18,205,124,1,0.8140000000000001,0,1,Morning,186
Male,18,213,93,1,0.852,1,1,Evening,148
Female,37,161,77,0,0.09785066918989077,1,0,Night,190
Non-binary,42,140,78,0,-0.009055322258569753,1,1,Morning,198
Male,48,112,172,0,-0.3447449009293667,1,1,Night,233
Female,38,143,101,0,-0.08776677052638449,1,0,Morning,255
Male,42,148,80,0,-0.07426046697815716,1,0,Night,163
Non-binary,24,219,87,0,0.3081428739618966,1,0,Afternoon,102
Female,18,202,110,0,0.4775416815115316,1,0,Morning,199
Female,39,148,74,1,-0.04585684002656909,1,0,Afternoon,215
Female,34,167,174,0,0.11698016797214814,1,1,Afternoon,212
Male,31,183,177,1,0.09766002903181098,1,1,Afternoon,184
Male,34,168,125,1,-0.023329487816802497,0,1,Afternoon,206
Male,33,157,118,1,0.14094186955877908,0,1,Night,276
Female,43,132,91,1,0.18057176567118802,1,1,Evening,219
Female,43,141,178,0,-0.35234534774346327,1,1,Afternoon,181
Non-binary,35,171,91,1,0.5899560816374196,0,1,Evening,175
Non-binary,38,156,123,0,0.6001427610118133,1,1,Evening,192
Female,35,149,167,0,-0.6220000059168869,1,1,Afternoon,282
Female,25,197,77,1,0.1319460122267832,1,0,Afternoon,191
Non-binary,38,155,161,1,0.5320394709980656,1,0,Morning,199
Female,18,207,158,1,0.702934767890887,1,1,Morning,176
Male,41,132,137,1,0.17047886691191272,0,0,Evening,255
Female,18,182,110,1,0.531533674671322,0,1,Morning,298
Male,33,168,91,0,0.49394186955877906,1,0,Evening,223
Non-binary,22,198,138,0,0.9759169800822953,1,1,Evening,204
Female,36,162,140,1,0.3706693481982512,0,0,Morning,202
Male,30,210,167,1,0.7307449009293668,1,0,Evening,81
Female,18,194,172,0,0.024555207461088913,1,1,Afternoon,237
Female,34,168,125,0,-0.052644468078854534,0,1,Night,207
Male,24,192,173,1,0.22948443395120957,1,1,Afternoon,221
Male,39,160,130,0,0.03600000000000003,0,1,Night,164
Female,30,187,143,0,0.6064311865302454,1,0,Evening,181
Female,34,174,152,0,0.05063612502411258,1,0,Morning,179
Female,20,190,114,0,0.6590094611785685,0,0,Evening,251
Female,24,201,28,0,0.5099066841318578,0,0,Night,181
Female,25,174,151,0,0.7087616324128352,1,1,Evening,304
Female,39,147,123,1,-0.4026287274243572,0,1,Night,222
Female,47,137,33,1,-0.0894666939770895,0,0,Night,136
Female,22,200,149,0,0.74308866718628,1,1,Morning,194
Male,41,151,145,0,0.2584788669119127,0,1,Morning,167
Male,18,227,156,0,0.91,1,1,Evening,90
Male,18,185,117,1,0.21999999999999997,0,1,Afternoon,280
Female,20,193,72,0,0.16022222560052002,1,0,Night,235
Female,18,196,73,0,0.16100572303307661,1,0,Night,227
Female,18,200,75,1,0.3947440555358036,1,0,Afternoon,208
Male,34,185,85,1,0.5516705121831975,1,1,Morning,131
Male,28,193,128,1,0.3905259359149132,0,1,Night,176
Male,34,161,171,0,-0.0593294878168025,1,1,Afternoon,242
Male,37,171,32,1,0.12752113308808724,0,0,Night,147
Female,33,202,40,0,0.17790120657184283,0,0,Afternoon,73
Male,37,161,114,1,0.38552113308808716,1,0,Evening,189
Male,29,187,152,1,0.6470863688854596,0,0,Morning,193
Non-binary,18,200,116,1,0.9631565154219758,0,1,Evening,207
Male,41,136,172,1,-0.31052113308808726,1,1,Afternoon,236
Female,24,190,154,0,0.5828488075002698,1,0,Evening,232
Female,21,197,113,1,0.733232195715329,0,0,Morning,213
Male,28,175,118,1,0.6065259359149131,1,0,Evening,260
Female,21,217,34,0,0.17174334982031464,0,0,Night,124
Female,26,187,107,0,0.5042023031301945,0,0,Morning,225
Non-binary,33,166,95,0,0.48995191520131964,1,1,Morning,231
Male,33,187,170,0,0.578941869558779,0,0,Morning,138
Non-binary,21,217,100,0,1.1012085769566557,1,1,Evening,125
Female,25,203,119,0,0.562704821747755,0,0,Evening,163
Male,41,151,152,0,0.2584788669119127,1,1,Evening,167
Female,35,157,136,0,0.07251481879485311,1,0,Morning,238
Non-binary,51,118,129,1,-0.2847258654929683,0,1,Afternoon,169
Female,42,149,123,0,0.4025689135588135,1,0,Evening,157
Male,41,150,129,1,-0.24352113308808726,0,1,Afternoon,169
Female,18,190,70,0,0.6412089483675738,1,0,Night,256
Male,38,154,97,1,0.33636504679321205,1,0,Morning,201
Male,29,188,82,1,0.6490863688854596,1,1,Evening,191
Male,24,198,26,0,0.25648443395120957,0,0,Afternoon,194
Male,32,163,119,0,-0.015000000000000069,0,1,Afternoon,265
Male,39,160,145,1,0.33699999999999997,0,0,Evening,163
Male,35,152,89,0,0.381377587205452,0,0,Evening,266
Female,21,197,174,1,0.3994456172817594,1,1,Night,211
Male,37,160,110,0,0.38252113308808716,0,1,Morning,192
Male,24,172,91,1,0.6254844339512096,1,1,Morning,325
Female,32,189,88,0,0.41108453968945524,1,1,Evening,147
Female,27,195,170,1,0.27271187859680995,0,0,Evening,182
Female,28,202,83,0,0.23154855439805005,1,0,Afternoon,138
Male,38,144,122,1,0.28936504679321207,0,1,Morning,248
Male,20,183,103,1,0.7104154131125642,1,1,Morning,284
Male,49,100,167,1,-0.4230863688854597,1,1,Night,283
Male,18,189,91,1,0.739,1,1,Morning,261
Male,24,199,127,1,0.26048443395120957,0,1,Afternoon,190
Male,34,174,174,0,0.5006705121831976,1,0,Morning,182
Male,36,182,35,1,-0.004739533021842782,0,0,Afternoon,116
Male,29,165,72,0,0.5380863688854596,0,1,Morning,302
Female,29,181,148,0,0.2670097458031705,1,0,Evening,223
Male,34,175,125,1,0.5076705121831975,0,1,Morning,175
Male,28,174,169,0,0.30052593591491317,1,1,Night,266
Female,44,144,90,1,-0.32720140029933753,0,0,Morning,151
Female,38,150,151,0,0.3830749811101609,0,1,Evening,220
Male,39,154,177,1,0.009000000000000036,1,1,Night,191
Female,20,194,95,0,0.6722555699330892,1,1,Evening,232
Female,29,186,165,0,0.36404390777308643,1,1,Evening,197
Male,27,207,134,1,0.2639157412340149,0,1,Afternoon,127
Female,20,200,175,0,0.09002895982031492,1,1,Afternoon,204
Non-binary,34,159,116,0,0.5598124038962762,1,1,Evening,252
Male,25,195,126,1,0.43401270189221935,0,1,Night,199
Male,37,150,123,0,0.3355211330880872,1,1,Evening,239
Female,19,212,119,1,0.6804226901552893,0,1,Evening,148
Female,47,123,142,0,-0.07927889090341839,1,0,Evening,199
Male,21,206,179,0,0.3184639560909118,1,1,Afternoon,169
Male,32,169,137,1,0.513,0,1,Morning,237
Male,38,154,80,0,0.33536504679321205,1,1,Evening,202
Female,24,189,22,1,0.42199092425919615,0,0,Night,235
Female,39,140,90,0,0.3101790900696677,1,0,Morning,254
Male,18,194,144,1,0.765,1,1,Evening,235
Female,45,127,147,0,0.19144167945043086,1,1,Morning,214
Female,30,194,116,0,0.7534027916418846,0,0,Evening,150
Male,24,197,78,1,0.7504844339512096,1,0,Morning,200
Male,27,197,29,1,0.21791574123401491,0,0,Afternoon,173
Female,38,158,127,0,-0.29158857485750367,0,1,Night,183
Female,24,201,178,1,0.04145623755543898,1,1,Afternoon,181
Female,23,209,168,0,0.9204459402968577,1,0,Evening,151
Female,28,210,87,0,0.47162157410343375,1,0,Night,102
Male,18,209,129,1,0.5329999999999999,0,1,Night,167
Male,48,117,159,1,-0.021744900929366734,0,0,Morning,210
Female,24,212,133,1,-0.0060666452536704,0,1,Afternoon,133
Male,38,154,152,1,0.33636504679321205,0,0,Morning,201
Male,32,157,116,1,0.15499999999999997,0,1,Night,295
Male,20,190,170,0,0.44341541311256427,1,1,Night,251
Male,30,166,108,1,0.5297449009293669,0,1,Evening,282
Male,38,150,123,1,0.017365046793212102,0,1,Night,220
Male,28,175,113,1,0.6085259359149131,0,0,Evening,258
Male,42,148,123,1,0.22473953302184282,0,1,Evening,164
Male,40,155,169,0,0.2946349532067879,1,1,Morning,168
Female,39,184,92,0,-0.13370359425451178,1,0,Night,63
Female,25,182,101,1,0.32093769150571727,1,0,Morning,259
Female,19,185,168,0,0.2659150702131666,1,1,Night,277
Female,24,203,29,0,-0.007788193316812908,0,0,Night,172
Female,32,179,136,0,0.5329576062277568,0,1,Evening,187
Male,35,174,165,1,0.485377587205452,1,1,Morning,162
Female,18,197,73,0,0.34387647224279216,1,0,Afternoon,219
Female,30,171,120,0,0.11011761105606777,0,1,Afternoon,256
Female,32,197,86,0,-0.2739731675481792,1,0,Afternoon,113
Male,27,186,165,1,0.670915741234015,0,1,Morning,220
Male,43,140,177,1,-0.1333775872054521,1,1,Night,186
Male,34,168,157,0,0.47667051218319756,0,0,Evening,206
Male,43,132,173,1,-0.3703775872054521,1,1,Afternoon,223
Female,28,190,127,0,-0.22431708729296712,0,1,Afternoon,191
Female,39,153,26,0,-0.09447757032763207,0,0,Afternoon,195
Male,46,128,159,1,0.06099999999999989,1,1,Evening,189
Non-binary,43,126,139,1,0.13950056748998507,0,0,Evening,249
Female,19,196,173,0,0.32467552944456746,1,1,Night,221
Male,27,188,24,0,0.1799157412340149,0,0,Afternoon,211
Male,27,205,133,0,0.4549157412340149,0,1,Night,136
Male,35,170,128,0,0.1663775872054521,0,1,Night,181
Male,37,149,153,1,0.32952113308808717,1,1,Morning,245
Male,22,198,175,1,0.47578640289307034,1,1,Night,202
Male,31,172,148,1,0.548660029031811,1,0,Morning,233
Male,18,184,17,0,0.412,0,0,Night,288
Male,44,122,120,1,-0.4346705121831975,0,1,Afternoon,252
Female,25,193,75,0,0.209379049122873,1,0,Night,205
Male,31,185,28,0,0.307660029031811,0,0,Night,174
Female,27,221,191,0,0.5154357475964534,1,1,Night,72
Male,41,145,126,0,-0.06652113308808727,0,1,Night,192
Non-binary,18,205,77,0,0.2871327963948731,1,0,Afternoon,184
Male,30,178,98,1,0.5917449009293668,1,1,Morning,220
Male,29,187,176,1,0.14808636888545967,1,1,Afternoon,192
Non-binary,25,198,162,0,0.8741611889289731,0,0,Morning,184
Female,47,143,106,0,-0.16235601826824797,1,0,Evening,111
Female,21,210,131,0,0.10848194564704158,0,1,Afternoon,153
Male,38,149,123,1,0.013365046793212099,0,1,Night,224
Male,34,152,166,0,0.39667051218319754,1,0,Evening,286
Female,43,138,176,0,-0.6130613115183092,1,1,Night,195
Non-binary,23,194,75,0,0.8009710356381163,0,0,Morning,216
Female,23,187,120,0,0.32639422650430483,0,1,Night,248
Female,41,153,130,0,0.11061675716390448,0,1,Night,159
Male,34,166,74,1,-0.03532948781680251,1,0,Afternoon,218
Female,18,210,126,0,0.5063494096834655,1,0,Evening,163
Male,25,185,21,0,0.39001270189221937,0,0,Night,243
Male,34,168,104,0,0.47467051218319756,1,1,Morning,208
Male,38,151,100,1,0.3223650467932121,1,1,Evening,215
Female,23,206,130,0,-0.1752654046427343,0,1,Afternoon,161
Male,18,194,142,0,0.765,0,1,Morning,235
Male,35,145,115,1,-0.15662241279454794,0,1,Afternoon,304
Female,18,213,100,0,0.7854206354764065,1,0,Morning,150
Male,18,205,126,1,0.817,1,0,Morning,183
Female,18,199,168,0,0.7189370776781887,0,0,Morning,212
Male,38,146,171,1,-0.001634953206787887,1,1,Night,239
Female,31,186,101,1,0.5055502672902819,1,0,Evening,172
Female,28,221,142,0,0.46288235732813227,0,1,Night,58
Male,44,118,168,1,-0.45067051218319754,1,1,Afternoon,268
Male,36,154,21,0,-0.12673953302184277,0,0,Afternoon,238
Male,46,146,98,1,0.1369999999999999,0,1,Evening,113
Male,18,208,129,1,0.32999999999999996,0,1,Afternoon,170
Non-binary,30,166,147,1,0.5552019499503486,0,1,Morning,278
Male,18,187,71,1,0.728,0,0,Evening,272
Female,28,178,84,0,0.6023170103182212,1,1,Morning,247
Male,28,190,96,0,0.6755259359149131,1,1,Evening,191
Female,36,162,87,0,-0.022974787568099647,0,0,Evening,204
Female,30,184,78,1,0.30947192975253396,1,1,Morning,193
Female,36,151,159,0,0.43751017710776874,0,1,Morning,256
Female,37,168,130,0,0.3048506915362369,0,1,Night,156
Male,52,119,130,1,-0.5731193871579975,0,1,Afternoon,160
Male,27,180,159,1,0.639915741234015,1,1,Morning,251
Non-binary,21,200,176,0,0.7611426054458525,1,1,Night,198
Female,32,162,149,0,0.23655857129908042,1,0,Morning,269
Non-binary,22,206,174,1,1.0680785118554819,1,0,Evening,166
Male,45,130,76,0,-0.21394186955877903,1,0,Night,197
Female,27,201,158,0,0.6756644131703061,1,0,Morning,154
Non-binary,24,197,122,1,0.8694860515593337,1,1,Morning,200
Male,25,212,86,0,0.8070127018922193,1,0,Morning,126
Male,37,164,78,0,-0.10147886691191278,1,0,Afternoon,176
Female,28,204,84,0,0.38947376982300763,1,1,Morning,128
Female,24,189,161,0,0.2741473453177522,1,1,Evening,235
Female,47,115,95,0,-0.179633923412792,0,1,Morning,236
Male,21,220,120,1,0.8744639560909118,1,1,Evening,113
Female,30,169,69,0,0.14434201881038566,1,0,Night,267
Male,37,134,13,1,-0.05047886691191278,0,0,Night,325
Male,18,201,88,0,0.798,0,1,Evening,202
Male,35,173,129,0,-0.020622412794547962,0,1,Afternoon,168
Female,19,173,128,0,0.8436382586741293,0,1,Evening,341
Female,38,170,95,0,0.1789684655503383,1,0,Evening,134
Female,20,200,25,1,-0.047389376780965276,0,0,Afternoon,201
Male,37,157,121,1,0.3655211330880872,1,0,Morning,209
Female,41,130,169,1,-0.1910346469968951,1,1,Night,267
Male,39,148,174,1,-0.21799999999999997,1,1,Afternoon,218
Female,33,178,127,0,0.26130045406002966,0,1,Morning,175
Male,28,198,31,1,0.21452593591491317,0,0,Afternoon,152
Male,24,200,27,0,0.2674844339512096,0,0,Afternoon,183
Female,45,141,31,0,-0.11987567888563203,0,0,Night,150
Male,23,197,152,0,0.763436874322102,0,1,Evening,202
Female,20,207,129,0,0.21459662243087552,0,1,Night,172
Female,37,176,168,0,0.5263872764271491,1,0,Morning,125
Male,22,185,169,1,0.21478640289307033,1,1,Afternoon,263
Female,20,206,178,1,0.04529400806703843,1,1,Afternoon,175
Male,18,216,108,0,0.863,1,0,Morning,137
Female,25,196,176,0,0.33823378694492495,1,1,Afternoon,192
Non-binary,29,185,175,1,0.26938492482597465,1,1,Night,203
Female,32,197,88,0,0.5006512983354867,0,0,Morning,113
Male,40,144,124,1,0.24563495320678788,0,1,Evening,217
Non-binary,35,177,120,0,0.6301397492785394,0,1,Morning,148
Female,28,170,134,0,0.49486601900826216,1,0,Morning,286
Male,28,182,108,0,0.6405259359149131,1,1,Morning,226
Male,35,170,178,1,0.1673775872054521,1,1,Night,180
Female,43,145,80,0,-0.554625996881116,1,0,Night,163
Female,31,181,176,0,0.0873819494457937,1,1,Night,195
Female,25,188,72,1,0.09003852055077802,1,0,Afternoon,231
Female,20,201,126,1,0.5255376049572889,1,1,Morning,199
Female,18,204,77,0,0.8153035915580444,0,0,Evening,189
Male,37,158,25,0,-0.1284788669119128,0,0,Afternoon,203
Male,36,169,179,0,0.14126046697815722,1,1,Night,170
Male,36,166,109,1,0.4282604669781572,1,1,Morning,183
Female,29,210,188,0,0.4039131659965185,1,1,Afternoon,96
Male,44,122,76,0,0.06832948781680248,1,1,Morning,249
Female,25,191,74,1,-0.13938512281341411,1,0,Afternoon,215
Female,40,156,131,0,0.039904339581072285,0,0,Evening,161
Female,30,163,166,0,-0.14965753856462022,1,1,Afternoon,295
Male,24,196,175,1,0.24648443395120959,1,1,Afternoon,204
Female,36,174,181,0,0.14765943595600714,1,1,Afternoon,148
Male,34,160,71,1,-0.0603294878168025,1,0,Afternoon,243
Female,34,165,123,0,0.03042284945684612,0,1,Night,220
Male,31,175,23,0,0.26166002903181096,0,0,Night,220
Male,30,187,128,1,0.33274490092936687,0,1,Night,179
Female,54,101,123,0,-0.6247936620224234,0,1,Night,223
Male,42,142,127,0,-0.29826046697815717,0,1,Afternoon,187
Male,37,153,83,1,0.3465211330880872,0,1,Evening,228
Female,31,202,137,0,-0.271367169436807,0,1,Afternoon,105
Female,40,152,128,0,-0.6427227507488936,0,1,Afternoon,178
Female,35,148,117,0,0.13042747098120805,0,1,Night,286
Female,30,191,106,0,0.17695648884104928,1,1,Morning,162
Female,27,197,179,1,0.38217569698833476,1,1,Night,170
Male,29,190,178,1,0.1620863688854597,1,1,Afternoon,178
Male,18,215,95,1,0.861,1,1,Evening,139
Male,32,202,173,0,0.66,0,0,Evening,90
Non-binary,25,197,177,0,0.457790640740578,1,1,Night,188
Female,46,124,154,1,-0.21323855220484203,0,0,Evening,207
Male,30,183,121,0,0.6147449009293668,0,0,Evening,197
Female,18,203,151,1,0.6249895070522977,1,1,Morning,193
Non-binary,30,182,84,1,0.7695241075620842,0,1,Evening,202
Male,20,190,93,1,0.7434154131125642,1,0,Morning,251
Female,35,168,137,1,0.10557933212882803,1,0,Evening,190
Female,33,179,96,0,0.14764207638082974,0,1,Evening,171
Female,40,151,162,0,-0.0019604026852750867,0,1,Evening,186
Male,22,192,80,0,0.7487864028930703,0,1,Morning,229
Female,30,168,84,0,0.061759058931502187,0,1,Morning,271
Non-binary,18,208,136,0,0.8296137647831162,0,1,Evening,169
Female,37,157,87,0,0.2694451438912592,1,0,Morning,205
Female,35,162,123,1,0.5975648159610276,1,1,Morning,217
Non-binary,35,177,86,0,0.5557456096754843,0,0,Morning,150
Female,30,182,175,1,0.38412002925374816,1,1,Night,201
Male,34,186,168,1,0.5556705121831975,0,1,Evening,127
Female,46,146,36,1,-0.45911534451822783,0,0,Afternoon,112
Female,27,187,124,1,0.3383315173858019,0,1,Afternoon,218
Male,31,184,128,0,0.10066002903181098,0,1,Afternoon,181
Female,19,198,24,1,0.1294229755703206,0,0,Night,210
Non-binary,21,200,126,1,1.0497134042421632,1,1,Evening,199
Non-binary,31,191,116,0,0.8569931055826714,1,0,Morning,151
Female,41,144,146,0,0.2698972694889768,1,1,Morning,198
Male,27,205,182,1,0.752915741234015,1,1,Morning,138
Non-binary,28,173,92,0,0.5232249896945995,0,1,Evening,270
Female,26,208,83,0,0.3346390194621343,1,0,Night,132
Male,25,197,27,1,0.2430127018922193,0,0,Afternoon,190
Non-binary,33,184,91,0,0.7447817530744907,0,0,Morning,148
Female,18,195,115,0,0.5670078863413609,1,0,Morning,229
Female,43,140,27,1,-0.26837233360673807,0,0,Night,183
Female,23,203,78,0,0.050436094494086314,1,0,Afternoon,174
Male,37,149,71,0,0.03152113308808724,1,0,Night,243
Male,18,201,88,0,0.7989999999999999,0,1,Evening,201
Male,37,153,23,1,-0.1514788669119128,0,0,Afternoon,226
Female,37,170,109,1,0.15406860006305548,1,1,Morning,151
Male,34,186,157,1,0.5526705121831975,0,0,Morning,130
Male,20,199,124,1,0.7894154131125642,1,1,Evening,205
Male,32,180,27,1,0.26599999999999996,0,0,Night,184
Female,18,195,76,0,0.6282539830794731,1,0,Evening,231
Non-binary,27,191,147,1,0.9309687731073055,1,1,Evening,196
Male,40,145,142,1,0.25263495320678786,0,0,Morning,210
Male,38,173,85,1,0.11836504679321211,1,0,Night,119
Female,30,163,116,0,-0.05523553435772677,0,1,Night,294
Female,20,202,76,0,0.30373058983689205,1,0,Afternoon,192
Male,36,155,122,1,0.07626046697815725,0,1,Night,235
Female,30,192,167,0,0.7216062918103172,0,0,Evening,158
Male,18,198,130,1,0.785,1,0,Evening,215
Male,38,169,108,1,0.40236504679321206,1,1,Evening,135
Female,30,178,73,0,0.016868001304916752,1,0,Night,223
Male,42,144,83,1,0.20673953302184284,1,0,Evening,182
Non-binary,19,200,90,1,1.066484178249702,0,1,Morning,201
Male,18,194,172,0,0.265,1,1,Afternoon,235
Female,33,187,133,1,0.23915289858300443,0,1,Night,138
Female,33,180,138,0,0.677488575614129,0,1,Morning,166
Male,18,197,173,1,0.277,1,1,Afternoon,223
Female,20,179,65,1,0.1101732788878152,1,0,Afternoon,305
Male,58,103,176,0,-0.6874154131125643,1,1,Afternoon,193
Non-binary,27,184,171,1,0.833981230353336,1,1,Evening,230
Male,37,160,26,1,0.07952113308808723,0,0,Night,195
Male,23,178,77,0,0.6684368743221021,1,1,Morning,297
Male,18,222,160,1,0.887,1,1,Morning,113
Non-binary,28,186,77,0,0.5607122058387638,0,1,Morning,205
Female,27,209,35,0,0.6450640858547276,0,0,Night,119
Female,26,222,152,0,0.6961466651878296,1,1,Evening,75
Male,29,182,124,0,0.12508636888545968,0,1,Afternoon,215
Female,33,171,175,0,-0.005043121514233445,1,1,Night,207
Male,28,191,177,1,0.3805259359149132,1,1,Night,186
Female,18,203,126,1,0.3530076711180102,0,1,Night,195
Male,35,136,111,1,-0.007622412794547895,0,1,Night,355
Male,18,204,77,1,0.313,1,0,Afternoon,187
Male,18,196,23,0,0.474,0,0,Night,226
Female,37,166,29,0,-0.14692752420614702,0,0,Afternoon,168
Female,35,162,74,0,0.1707964958719633,1,0,Night,215
Male,29,188,140,1,0.6520863688854597,1,0,Evening,188
Female,18,206,28,1,0.6187639241101806,0,0,Night,179
Female,23,179,127,0,0.2949728615201301,0,0,Evening,291
Female,27,178,74,1,0.3215899867438686,1,1,Morning,259
Male,18,200,93,1,0.793,0,0,Evening,207
Male,23,224,139,1,0.5804368743221022,0,1,Night,85
Female,37,163,78,0,-0.2675677846573022,1,0,Night,182
Male,44,106,79,1,-0.01767051218319754,1,1,Morning,335
Male,26,195,156,1,0.7251193871579975,0,1,Morning,188
Female,38,143,156,0,-0.13787326459560745,0,0,Morning,255
Non-binary,18,187,110,0,0.8660708943007285,1,0,Evening,272
Male,37,156,74,0,0.06352113308808724,1,0,Night,211
Male,22,208,152,1,0.8197864028930703,1,0,Morning,158
Female,33,201,92,1,0.7717290571712788,1,1,Evening,78
Male,28,180,72,1,0.3325259359149132,1,0,Night,234
Male,43,146,151,0,0.19362241279454787,0,0,Evening,159
Male,21,198,112,0,0.7784639560909118,1,1,Evening,209
Female,36,177,150,0,0.6352012414024552,1,0,Evening,138
Female,27,193,152,0,0.5139717264481201,0,0,Evening,187
Male,28,187,25,0,0.16452593591491316,0,0,Afternoon,202
Male,28,185,117,1,0.6535259359149131,1,0,Evening,213
Male,22,211,176,0,0.8337864028930703,1,0,Evening,144
Female,30,170,119,1,0.411138913748077,0,1,Night,260
Male,29,192,167,1,0.6700863688854596,0,1,Evening,170
Male,32,196,85,1,0.33399999999999996,1,0,Night,116
Female,31,181,155,0,0.679248054757593,0,1,Morning,195
Male,38,154,125,1,-0.16463495320678792,0,1,Afternoon,202
Female,39,150,137,0,0.16448258072114794,0,1,Morning,208
Male,19,186,109,1,0.73060189859059,1,0,Morning,268
Male,39,154,140,1,0.312,1,1,Evening,188
Male,18,203,126,0,0.506,0,1,Night,194
Female,36,175,135,0,0.6158144078440722,0,1,Morning,145
Female,36,154,121,0,-0.31187191765756717,0,1,Afternoon,241
Female,18,200,25,1,0.5051409282256826,0,0,Night,209
Male,31,184,155,1,0.6026600290318109,0,1,Morning,179
Female,25,217,163,0,0.6753663375351664,0,1,Evening,105
Male,22,184,138,0,0.7057864028930703,0,0,Evening,272
Male,44,146,157,0,0.17832948781680247,1,1,Evening,139
Female,23,204,115,0,0.9358571794071547,0,1,Morning,170
Male,22,195,124,1,0.2597864028930703,0,1,Afternoon,218
Male,31,193,32,1,0.341660029031811,0,0,Night,140
Male,37,176,87,1,0.44952113308808717,0,0,Evening,125
Male,29,210,89,1,0.7460863688854596,0,1,Morning,94
Male,42,132,122,0,-0.14726046697815715,0,1,Night,236
Female,35,172,177,0,0.3292286684594881,1,1,Morning,173
Male,18,173,104,0,0.654,1,0,Evening,346
Female,25,206,147,0,0.31433870564058597,1,1,Morning,150
Female,24,207,31,1,0.2039929412967876,0,0,Night,154
Male,35,172,129,1,-0.024622412794547938,0,1,Afternoon,172
Male,18,199,74,1,0.28800000000000003,1,0,Afternoon,212
Male,55,110,145,1,-0.14143687432210217,1,1,Morning,176
Female,35,159,72,0,-0.3804238386742157,1,0,Afternoon,231
Male,31,191,131,1,0.330660029031811,0,1,Night,151
Female,42,155,83,1,-0.24968178646758826,1,0,Night,131
Male,53,128,186,0,-0.5430127018922194,1,1,Afternoon,110
Female,39,177,138,0,0.003422608946611616,0,1,Afternoon,89
Male,39,157,153,0,0.326,1,0,Evening,174
Male,31,183,127,1,0.296660029031811,0,1,Night,185
Non-binary,29,193,161,1,0.7465072466821966,1,1,Evening,168
Female,25,182,19,0,0.04784116229915769,0,0,Afternoon,262
Male,22,186,69,0,0.21678640289307033,1,0,Afternoon,261
Female,23,201,150,0,0.8954387999133597,0,0,Evening,183
Female,18,222,147,1,0.950991767636039,1,0,Morning,110
Female,29,192,79,1,0.8284860439711594,0,0,Evening,172
Female,18,208,79,0,-0.10105375082441773,1,0,Afternoon,170
Male,32,184,29,1,0.2829999999999999,0,0,Night,167
Male,30,190,95,1,0.6467449009293668,1,1,Morning,165
Male,31,187,94,1,0.6146600290318109,1,1,Evening,167
Female,25,199,128,1,-0.002038143849331986,0,1,Afternoon,181
Female,60,109,87,1,-0.48259361953050006,0,0,Evening,168
Male,44,130,126,1,0.10732948781680249,1,1,Morning,210
Male,18,198,146,0,0.782,0,0,Evening,218
Female,32,187,139,0,0.3549220379536874,1,1,Evening,154
Non-binary,24,183,77,0,0.8107515134678807,0,0,Evening,264
Female,20,212,92,0,0.8511881342758472,1,1,Evening,151
Male,18,220,125,1,0.881,1,0,Evening,119
Male,34,165,23,1,0.16367051218319748,0,0,Night,219
Male,23,207,130,0,0.3064368743221021,0,1,Afternoon,159
Non-binary,40,144,74,0,0.1514720822508245,1,0,Night,216
Male,40,176,190,0,-0.11736504679321214,1,1,Afternoon,80
Female,44,118,82,0,0.04886287166631931,1,0,Morning,270
Male,21,192,137,1,0.7534639560909118,0,0,Morning,234
Female,35,183,134,0,0.20558733512460792,0,1,Afternoon,125
Female,36,180,84,0,-0.09731885304511206,1,0,Night,126
Female,25,177,141,1,0.47169141644099705,1,1,Evening,284
Male,22,207,80,0,0.5147864028930703,1,0,Night,163
Male,46,135,90,0,0.09199999999999989,0,0,Evening,158
Male,32,203,89,0,0.16299999999999995,1,0,Afternoon,87
Non-binary,36,167,85,0,0.6574030310015384,0,0,Morning,182
Female,22,201,77,0,-0.13254551465683306,1,0,Afternoon,189
Female,18,194,72,1,0.007416484891520914,1,0,Afternoon,236
Female,24,213,138,1,0.9339790944743543,1,1,Morning,130
Female,29,203,179,0,0.3572450167722842,0,1,Morning,124
Male,19,196,78,1,0.77560189859059,1,0,Evening,223
Non-binary,30,172,122,0,0.44307101002431715,1,0,Evening,250
Male,18,220,185,0,0.579,1,1,Night,121
Male,19,189,120,0,0.44460189859059007,0,1,Night,254
Female,37,158,94,1,0.07191800671551674,0,1,Evening,202
Male,36,151,70,1,-0.14373953302184278,1,0,Afternoon,255
Male,26,193,114,0,0.7171193871579975,1,0,Evening,196
Female,20,230,90,1,0.25465683391813393,1,0,Night,74
Male,20,202,174,1,0.8024154131125643,1,1,Morning,192
Female,26,181,170,0,-0.16719871202120445,1,1,Afternoon,253
Male,36,173,31,0,0.15626046697815724,0,0,Night,155
Male,39,156,128,1,-0.18099999999999997,0,1,Afternoon,181
Male,25,197,148,0,0.7420127018922194,0,1,Evening,191
Male,18,236,126,0,0.945,1,1,Evening,55
Female,33,155,123,1,0.25644020084770963,1,0,Morning,284
Male,22,209,81,1,0.32278640289307037,1,0,Afternoon,155
Female,25,189,23,1,-0.12720222391871208,0,0,Afternoon,225
Female,43,137,94,0,0.16550832273661858,1,1,Morning,196
Female,38,141,139,0,0.0389867903564487,0,1,Morning,263
Non-binary,32,172,23,0,0.034054098443106556,0,0,Night,220
Female,18,204,77,1,-0.18152323429486833,1,0,Afternoon,188
Male,32,187,111,1,0.595,0,1,Evening,155
Male,41,135,121,0,-0.31452113308808727,0,1,Afternoon,240
Male,26,214,136,1,0.5071193871579974,0,1,Night,106
Female,44,126,172,1,-0.752079156829847,1,1,Afternoon,232
Male,43,149,132,1,-0.2923775872054521,0,1,Afternoon,145
Female,47,109,169,1,-0.7344950686236038,1,1,Night,263
Female,33,171,175,1,0.17862416619882857,1,1,Night,208
Male,36,156,153,0,0.3792604669781572,0,1,Morning,232
Female,44,132,125,0,-0.637060321724786,0,1,Night,204
Male,34,190,136,0,0.07067051218319749,0,1,Afternoon,112
Male,25,204,180,1,0.27601270189221927,1,1,Afternoon,157
Female,26,185,111,0,0.5872183229608183,0,0,Morning,234
Female,32,175,88,1,0.3231571880350661,0,1,Morning,208
Female,18,189,168,0,0.9053557222279717,1,0,Evening,259
Male,29,181,23,0,0.12008636888545968,0,0,Afternoon,220
Male,41,154,81,1,-0.22652113308808725,1,0,Afternoon,152
Female,18,211,160,1,0.47220913073399806,0,0,Evening,160
Female,45,128,75,0,-0.23114307759027522,1,0,Night,205
Female,41,171,125,1,0.04492894542648447,1,0,Morning,84
Male,25,177,110,1,0.6490127018922194,0,0,Evening,284
Female,35,161,81,0,0.08625581646022726,1,0,Morning,222
Male,30,170,169,1,0.25074490092936685,1,1,Night,261
Male,42,158,142,1,0.26773953302184283,0,1,Evening,121
Non-binary,40,135,169,0,-0.06141188305661177,1,1,Night,262
Male,18,179,83,1,0.688,1,0,Morning,312
Non-binary,36,178,174,0,0.4388574996403253,0,0,Morning,134
Male,28,179,21,1,0.12752593591491318,0,0,Afternoon,239
